time,x,y,yaw_deg,speed,accel,cmd_v,cmd_w,route_index,target_x,target_y
0.006,33.000,90.019,90.000,0.000,0.000,4.500,-0.000105,0,32.708,100.500
0.101,33.000,90.021,90.000,0.104,1.099,4.500,-0.000105,0,32.708,100.500
0.201,33.000,90.065,90.000,0.661,5.536,4.500,-0.000105,0,32.708,100.500
0.302,33.000,90.139,89.997,0.818,1.563,4.500,-0.000079,0,32.708,100.500
0.402,33.000,90.243,90.001,1.190,3.697,4.500,-0.000115,0,32.708,100.500
0.503,33.000,90.372,89.999,1.382,1.903,4.500,-0.000097,0,32.708,100.500
0.604,33.000,90.527,90.000,1.658,2.746,4.500,-0.000109,0,32.708,100.500
0.704,33.000,90.702,90.004,1.841,1.823,4.500,-0.000139,1,32.708,101.500
0.806,33.000,90.900,90.004,2.078,2.330,4.500,-0.000134,1,32.708,101.500
0.906,33.000,91.116,90.003,2.236,1.587,4.500,-0.000132,1,32.708,101.500
1.006,33.000,91.350,90.006,2.413,1.756,4.500,-0.000154,1,32.708,101.500
1.107,33.000,91.573,90.007,2.544,1.300,4.500,0.021111,2,32.708,102.500
1.209,33.000,91.837,90.011,2.701,1.539,4.500,0.022476,2,32.708,102.500
1.310,32.997,92.112,90.100,2.793,0.919,4.500,0.022971,2,32.708,102.500
1.410,32.994,92.400,90.222,2.947,1.535,4.500,0.023139,2,32.708,102.500
1.511,32.989,92.699,90.355,3.024,0.764,4.500,0.044156,3,32.708,103.500
1.612,32.984,93.008,90.514,3.154,1.288,4.500,0.045661,3,32.708,103.500
1.713,32.975,93.326,90.738,3.215,0.605,4.500,0.046080,3,32.708,103.500
1.813,32.962,93.687,91.051,3.323,1.072,4.500,0.128825,4,32.708,105.500
1.914,32.949,93.988,91.336,3.373,0.488,4.500,0.134395,4,32.708,105.500
2.015,32.919,94.362,92.142,3.453,0.798,4.850,0.056771,5,32.708,109.500
2.116,32.884,94.711,93.010,3.589,1.351,5.000,-0.009323,5,32.708,109.500
2.217,32.852,95.091,93.514,3.904,3.130,5.000,-0.012516,6,32.708,110.500
2.318,32.828,95.477,93.581,3.879,-0.243,5.000,-0.013475,6,32.708,110.500
2.418,32.805,95.875,93.509,4.030,1.501,5.000,-0.013756,6,32.708,110.500
2.519,32.778,96.355,93.387,4.043,0.135,5.000,-0.013892,7,32.708,111.500
2.620,32.757,96.765,93.278,4.124,0.800,5.000,-0.013957,7,32.708,111.500
2.721,32.736,97.176,93.166,4.146,0.220,5.350,-0.033257,8,32.708,112.500
2.822,32.716,97.600,93.028,4.351,2.029,5.700,-0.035139,8,32.708,112.500
2.922,32.699,98.052,92.772,4.621,2.680,6.050,-0.035325,9,32.708,113.500
3.025,32.684,98.525,92.465,4.848,2.221,6.400,-0.034444,9,32.708,113.500
3.124,32.671,99.027,92.134,5.192,3.455,6.750,-0.032666,10,32.708,114.500
3.225,32.660,99.547,91.822,5.265,0.724,7.100,-0.030611,10,32.708,114.500
3.326,32.651,100.103,91.422,5.618,3.480,7.450,-0.027009,11,32.708,115.500
3.427,32.644,100.734,91.076,5.804,1.840,7.800,0.000000,11,32.708,115.500
3.528,32.638,101.335,90.802,6.091,2.851,8.150,0.000000,12,32.708,116.500
3.628,32.630,101.965,90.774,6.467,3.748,8.500,0.000000,12,32.708,116.500
3.730,32.622,102.623,90.733,6.785,3.131,8.850,0.000000,13,32.708,118.500
3.830,32.613,103.311,90.764,7.047,2.627,9.200,0.000000,14,32.708,119.500
3.931,32.603,104.027,90.815,7.265,2.158,9.550,0.000000,15,32.708,120.500
4.032,32.592,104.848,90.805,7.561,2.923,9.900,0.000000,15,32.708,120.500
4.133,32.582,105.542,90.808,7.867,3.021,10.250,0.000000,16,32.708,121.500
4.235,32.570,106.420,90.796,8.101,2.303,10.600,0.000000,17,32.708,122.500
4.335,32.558,107.251,90.792,8.409,3.091,10.950,0.000000,18,32.708,123.500
4.436,32.546,108.117,90.786,8.886,4.687,11.300,0.000000,19,32.708,124.500
4.537,32.534,109.015,90.800,9.051,1.638,11.650,0.000000,20,32.708,125.500
4.637,32.521,109.940,90.789,9.406,3.554,12.000,0.000000,20,32.708,125.500
4.738,32.508,110.888,90.800,9.670,2.607,12.350,0.000000,21,32.708,126.500
4.840,32.494,111.875,90.799,9.930,2.562,12.700,0.000000,22,32.708,127.500
4.940,32.480,112.894,90.789,10.335,4.026,13.050,0.000000,23,32.708,128.500
5.041,32.465,113.937,90.800,10.602,2.637,13.400,0.000000,24,32.708,129.500
5.143,32.450,115.015,90.808,10.855,2.476,13.750,0.000000,26,32.708,131.500
5.243,32.433,116.232,90.807,11.300,4.462,14.100,0.000000,27,32.708,132.500
5.343,32.419,117.265,90.808,11.561,2.600,13.100,0.000000,28,32.708,133.500
5.445,32.401,118.534,90.810,11.328,-2.291,12.100,0.000000,29,32.708,134.500
5.545,32.385,119.628,90.824,10.643,-6.827,11.100,0.000000,30,32.708,135.500
5.646,32.370,120.673,90.803,10.268,-3.717,10.100,0.000000,31,32.708,136.500
5.747,32.356,121.669,90.792,9.644,-6.181,9.100,-0.034577,32,32.708,137.500
5.849,32.348,122.615,90.641,9.196,-4.428,8.203,-0.029904,33,32.708,138.500
5.951,32.350,123.503,90.148,8.585,-5.974,8.203,-0.023724,34,32.708,139.500
6.051,32.357,124.353,89.727,8.563,-0.224,8.203,-0.015293,35,32.708,140.500
6.152,32.370,125.300,89.291,8.504,-0.583,8.176,0.000000,36,32.708,139.500
6.252,32.382,126.063,89.099,8.456,-0.474,8.176,0.000000,37,32.708,139.500
6.354,32.397,126.991,89.004,8.346,-1.081,8.176,0.000000,37,32.708,139.500
6.455,32.411,127.820,88.980,8.275,-0.710,8.176,0.000000,38,32.708,140.500
6.554,32.426,128.649,88.964,8.313,0.388,8.176,0.000000,39,32.708,141.500
6.656,32.440,129.470,88.959,8.198,-1.134,8.176,0.000000,40,32.708,142.500
6.756,32.455,130.287,88.972,8.186,-0.115,8.176,0.000000,41,32.710,143.500
6.857,32.470,131.099,88.950,8.054,-1.306,8.176,0.000000,42,32.777,144.500
6.958,32.484,131.907,88.953,8.114,0.596,8.176,0.000000,42,32.777,144.500
7.058,32.499,132.717,88.951,8.000,-1.134,8.176,0.000000,43,32.944,145.480
7.159,32.514,133.519,88.963,8.086,0.856,7.176,0.000000,44,33.209,146.440
7.260,32.530,134.386,89.008,7.600,-4.816,6.176,0.000000,45,33.568,147.380
7.360,32.541,135.042,89.010,7.025,-5.724,5.176,-0.001112,46,34.019,148.270
7.462,32.554,135.780,89.001,6.357,-6.578,4.500,-0.001152,46,33.568,147.380
7.564,32.565,136.391,89.019,5.917,-4.296,4.500,-0.005903,47,34.019,148.270
7.664,32.576,136.978,88.973,6.050,1.324,4.500,-0.002750,47,34.019,148.270
7.766,32.588,137.566,88.921,5.729,-3.170,4.500,-0.001001,48,34.556,149.110
7.866,32.599,138.132,88.913,5.679,-0.492,4.500,0.000868,49,35.175,149.900
7.968,32.610,138.689,88.873,5.541,-1.358,4.500,0.003008,49,35.175,149.900
8.069,32.620,139.231,88.914,5.381,-1.588,4.500,0.003389,50,35.870,150.620
8.169,32.629,139.766,88.943,5.318,-0.627,4.500,0.004445,50,35.870,150.620
8.271,32.638,140.298,88.968,5.289,-0.283,4.500,0.005561,51,36.632,151.260
8.370,32.646,140.813,89.021,5.160,-1.295,4.500,0.005812,51,36.632,151.260
8.472,32.654,141.378,89.087,5.140,-0.197,4.500,0.006123,52,36.632,151.260
8.572,32.660,141.830,89.186,4.955,-1.850,4.500,0.005196,52,36.632,151.260
8.674,32.666,142.376,89.249,4.990,0.347,4.500,0.003292,53,37.456,151.830
8.774,32.672,142.867,89.291,4.840,-1.503,4.500,0.003429,53,37.456,151.830
8.875,32.677,143.352,89.325,4.868,0.276,4.500,-0.061544,54,38.331,152.310
8.977,32.692,143.832,88.996,4.750,-1.164,4.500,-0.058907,54,38.331,152.310
9.078,32.714,144.308,88.474,4.769,0.184,4.500,-0.153181,55,39.251,152.700
9.178,32.756,144.776,87.396,4.655,-1.131,4.500,-0.141118,55,39.251,152.700
9.279,32.810,145.241,86.097,4.692,0.368,4.500,-0.222270,56,40.205,153.000
9.380,32.886,145.696,84.151,4.574,-1.169,4.500,-0.199694,56,40.205,153.000
9.481,32.981,146.146,82.363,4.626,0.509,4.500,-0.262763,57,41.184,153.200
9.582,33.100,146.635,80.272,4.534,-0.904,4.500,-0.237050,57,41.184,153.200
9.684,33.232,147.069,78.085,4.534,0.003,4.500,-0.304663,58,42.178,153.310
9.785,33.378,147.496,75.892,4.506,-0.279,4.500,-0.276702,58,42.178,153.310
9.886,33.549,147.910,73.368,4.460,-0.452,4.500,-0.237041,58,42.178,153.310
9.987,33.736,148.317,70.860,4.492,0.314,4.500,-0.297793,59,43.168,153.320
10.088,33.934,148.717,68.390,4.433,-0.586,4.500,-0.266191,59,43.168,153.320
10.189,34.153,149.101,66.159,4.425,-0.086,4.500,-0.322529,60,44.540,153.110
10.290,34.386,149.478,63.742,4.427,0.024,4.500,-0.287459,60,44.540,153.110
10.391,34.639,149.836,60.808,4.381,-0.459,4.500,-0.343997,61,45.540,153.110
10.492,34.907,150.186,58.479,4.416,0.355,4.500,-0.305655,61,45.540,153.110
10.594,35.223,150.546,55.358,4.342,-0.731,4.500,-0.252312,61,45.540,153.110
10.695,35.526,150.864,52.657,4.409,0.659,4.500,-0.326985,62,46.540,153.110
10.796,35.835,151.172,50.296,4.331,-0.770,4.500,-0.291831,62,46.540,153.110
10.896,36.161,151.457,47.644,4.349,0.180,4.500,-0.338693,63,47.540,153.110
10.997,36.499,151.731,45.044,4.340,-0.082,4.500,-0.297897,63,47.540,153.110
11.098,36.851,151.981,42.248,4.318,-0.224,4.500,-0.347037,64,48.540,153.110
11.199,37.214,152.220,39.586,4.341,0.233,4.500,-0.305563,64,48.540,153.110
11.300,37.624,152.453,36.451,4.302,-0.385,4.500,-0.249199,64,48.540,153.110
11.401,37.971,152.635,34.055,4.358,0.549,4.500,-0.305733,65,49.540,153.110
11.502,38.396,152.845,31.510,4.294,-0.628,4.500,-0.264952,65,49.540,153.110
11.607,38.793,153.013,29.021,4.318,0.226,4.500,-0.313789,66,50.540,153.110
11.708,39.195,153.168,26.650,4.302,-0.153,4.500,-0.276145,66,50.540,153.110
11.810,39.645,153.312,23.838,4.303,0.012,4.500,-0.322914,67,51.540,153.110
11.910,40.019,153.417,21.629,4.306,0.022,4.500,-0.288500,67,51.540,153.110
12.011,40.478,153.518,18.728,4.292,-0.134,4.500,-0.236567,67,51.540,153.110
12.112,40.861,153.589,16.288,4.321,0.289,4.500,-0.285169,68,52.540,153.110
12.213,41.327,153.664,14.121,4.284,-0.368,4.500,-0.246431,68,52.540,153.110
12.314,41.754,153.711,11.805,4.305,0.203,4.500,-0.300046,69,53.540,153.110
12.416,42.183,153.743,9.584,4.286,-0.188,4.500,-0.265501,69,53.540,153.110
12.517,42.610,153.752,7.151,4.292,0.066,4.500,-0.221800,69,53.540,153.110
12.618,43.042,153.749,4.900,4.311,0.190,4.500,-0.442855,70,54.540,153.110
12.719,43.467,153.729,2.670,4.192,-1.190,4.500,-0.679488,70,54.540,153.110
12.820,43.873,153.652,-0.869,4.090,-1.005,4.850,-0.120000,71,58.540,153.110
12.920,44.270,153.535,-5.076,4.284,1.941,5.200,-0.120000,72,59.540,153.110
13.021,44.716,153.454,-7.050,4.559,2.726,5.550,-0.120000,72,59.540,153.110
13.122,45.163,153.370,-8.113,4.688,1.277,5.900,-0.120000,73,60.540,153.110
13.223,45.698,153.261,-9.363,4.944,2.537,6.250,-0.120000,73,60.540,153.110
13.324,46.141,153.161,-10.536,5.199,2.523,6.600,-0.120000,74,61.540,153.110
13.425,46.715,153.021,-11.750,5.538,3.356,6.950,-0.116005,74,61.540,153.110
13.525,47.265,152.874,-13.049,5.802,2.616,7.300,0.010364,75,62.540,153.110
13.627,47.825,152.721,-14.072,5.935,1.318,7.650,0.120000,75,62.540,153.110
13.728,48.421,152.579,-13.989,6.183,2.445,8.000,0.120000,76,63.540,153.110
13.828,49.041,152.457,-12.841,6.417,2.333,8.350,0.120000,77,64.540,153.110
13.929,49.696,152.344,-11.314,6.703,2.839,8.700,0.120000,77,65.540,153.110
14.030,50.379,152.244,-9.916,6.967,2.620,9.050,0.120000,78,66.540,153.110
14.131,51.171,152.150,-8.135,7.303,3.320,9.400,0.120000,79,67.540,153.110
14.231,51.844,152.089,-6.600,7.645,3.411,9.750,0.120000,79,67.540,153.110
14.332,52.693,152.037,-4.668,7.851,2.039,10.100,0.120000,80,68.540,153.110
14.432,53.414,152.014,-2.864,8.241,3.899,10.450,0.120000,81,69.540,153.110
14.533,54.332,152.014,-0.998,8.406,1.637,10.800,0.105789,82,70.540,153.110
14.634,55.194,152.040,0.872,8.734,3.239,11.150,0.060805,83,71.540,153.110
14.735,56.090,152.089,2.532,9.145,4.073,11.500,0.015852,84,72.540,153.110
14.837,57.015,152.149,3.699,9.375,2.259,11.850,-0.018741,84,72.540,153.110
14.938,57.964,152.214,4.198,9.640,2.633,12.200,-0.038774,85,73.540,153.110
15.038,58.956,152.278,4.119,10.009,3.670,12.550,-0.045121,86,74.540,153.110
15.138,59.957,152.335,3.633,10.240,2.315,12.900,-0.039053,87,75.540,153.110
15.240,61.105,152.388,2.839,10.582,3.352,13.250,-0.024236,89,77.540,153.110
15.339,62.066,152.424,2.204,10.817,2.363,13.600,-0.010892,90,78.540,153.110
15.440,63.277,152.462,1.606,11.174,3.530,13.950,0.001633,91,79.540,153.110
15.540,64.293,152.489,1.310,11.490,3.174,14.300,0.007073,92,80.540,153.110
15.641,65.579,152.521,1.196,11.773,2.790,14.650,0.007229,93,81.540,153.110
15.741,66.656,152.547,1.234,12.116,3.439,15.000,0.003040,94,82.540,153.110
15.842,68.012,152.579,1.322,12.487,3.683,15.350,-0.003328,95,83.540,153.110
15.943,69.274,152.610,1.383,12.820,3.282,15.700,-0.008579,97,85.540,153.110
16.044,70.574,152.639,1.347,13.109,2.874,16.050,-0.010540,98,86.540,153.110
16.145,71.900,152.666,1.217,13.446,3.332,16.400,-0.009223,99,88.540,153.110
16.246,73.262,152.691,1.024,13.733,2.836,16.750,-0.005205,101,90.540,153.110
16.348,74.653,152.713,0.830,14.089,3.513,16.889,-0.000823,102,91.540,153.110
16.448,76.074,152.733,0.679,14.240,1.499,16.974,0.002789,104,93.540,153.110
16.548,77.506,152.752,0.609,14.449,2.097,17.053,0.003569,105,94.540,153.110
16.649,78.960,152.770,0.608,14.558,1.082,17.130,0.000000,106,95.540,153.110
16.750,80.424,152.787,0.638,14.769,2.095,17.204,0.000000,108,97.540,153.110
16.850,81.908,152.805,0.651,14.832,0.620,17.276,0.000000,109,98.540,153.110
16.951,83.403,152.822,0.646,15.087,2.545,17.348,0.000000,111,100.540,153.110
17.052,85.066,152.841,0.657,15.107,0.195,17.427,0.000000,113,102.540,153.110
17.152,86.437,152.856,0.646,15.347,2.400,17.492,0.000000,114,103.540,153.110
17.252,88.127,152.875,0.653,15.344,-0.027,17.572,0.000000,116,105.540,153.110
17.353,89.519,152.891,0.641,15.582,2.365,17.638,0.000000,117,106.540,153.110
17.454,91.235,152.911,0.647,15.568,-0.137,17.718,0.000000,119,108.540,153.110
17.555,92.805,152.928,0.644,15.754,1.843,17.790,0.000000,120,109.540,153.110
17.655,94.388,152.946,0.640,15.785,0.312,17.863,0.000000,122,111.540,153.110
17.757,95.978,152.964,0.637,15.958,1.699,17.935,0.000000,123,112.540,153.110
17.857,97.581,152.981,0.634,15.989,0.313,18.006,0.000000,125,114.540,153.110
17.958,99.191,152.999,0.631,16.151,1.594,18.078,0.000000,127,116.540,153.110
18.060,100.814,153.017,0.628,16.183,0.308,18.149,0.000000,128,117.540,153.110
18.160,102.607,153.037,0.616,16.422,2.379,18.226,0.000000,130,119.540,153.110
18.262,104.084,153.053,0.623,16.372,-0.491,18.288,0.000000,132,121.540,153.110
18.363,105.897,153.072,0.611,16.592,2.166,18.363,0.000000,133,122.540,153.110
18.465,107.556,153.090,0.608,16.642,0.497,18.363,0.000000,135,124.540,153.110
18.565,109.218,153.108,0.605,16.703,0.609,18.364,0.000000,137,126.540,153.110
18.667,110.886,153.126,0.603,16.731,0.269,18.365,0.000000,138,127.540,153.110
18.768,112.558,153.143,0.600,16.783,0.517,18.365,0.000000,140,129.540,153.110
18.868,114.233,153.161,0.597,16.806,0.233,18.312,0.000000,142,131.540,153.110
18.969,115.909,153.179,0.594,16.808,0.012,17.312,0.000000,143,132.540,153.110
19.070,117.562,153.196,0.592,16.241,-5.610,16.312,0.000000,145,134.540,153.110
19.171,119.148,153.213,0.601,15.459,-7.731,15.312,0.000000,147,136.540,153.110
19.272,120.674,153.229,0.588,15.101,-3.571,14.312,0.000000,148,137.540,153.110
19.373,122.289,153.246,0.601,14.350,-7.387,13.312,0.000000,150,139.540,153.110
19.474,123.548,153.259,0.603,13.698,-6.460,12.312,0.000000,151,138.540,153.110
19.574,125.015,153.274,0.598,13.008,-6.875,11.312,0.000000,152,138.540,153.110
19.677,126.277,153.287,0.601,12.341,-6.513,10.312,0.000000,154,140.540,153.110
19.778,127.486,153.300,0.590,11.977,-3.604,9.312,0.000000,155,141.530,153.110
19.878,128.649,153.312,0.589,11.415,-5.631,8.888,0.000000,156,141.530,153.110
19.978,129.763,153.323,0.591,10.897,-5.156,8.888,0.000000,157,142.530,153.040
20.079,130.833,153.334,0.602,10.556,-3.373,8.888,0.000000,158,143.510,152.880
20.180,131.849,153.345,0.474,9.857,-6.925,8.888,0.000000,159,144.490,152.650
20.282,132.932,153.354,0.450,9.913,0.550,8.888,0.000000,160,145.430,152.330
20.383,133.815,153.362,0.445,9.628,-2.820,8.888,-0.057904,161,146.350,151.940
20.485,134.872,153.370,0.428,9.537,-0.888,8.888,-0.065117,162,147.230,151.470
20.584,135.820,153.361,-0.083,9.476,-0.611,8.888,-0.045506,163,148.070,150.920
20.685,136.756,153.336,-1.039,9.232,-2.417,8.888,-0.009132,164,148.870,150.310
20.786,137.677,153.300,-1.965,9.137,-0.948,8.888,0.030660,165,149.600,149.640
20.887,138.592,153.262,-2.522,9.212,0.743,8.888,0.058582,166,150.280,148.900
20.989,139.499,153.231,-2.443,9.002,-2.068,8.888,0.062838,167,150.900,148.110
21.090,140.396,153.211,-1.855,8.976,-0.256,8.888,0.044754,168,151.440,147.280
21.190,141.372,153.205,-0.854,8.808,-1.688,8.888,-0.130281,169,151.920,146.400
21.291,142.172,153.208,-0.058,8.840,0.319,8.888,-0.351203,170,152.320,145.480
21.392,143.127,153.168,-1.032,8.565,-2.724,8.888,-0.479599,171,152.640,144.530
21.494,143.961,153.052,-4.549,8.411,-1.513,8.888,-0.370609,171,152.640,144.530
21.595,144.767,152.846,-10.071,8.312,-0.977,9.238,-0.387555,172,152.880,143.560
21.697,145.545,152.564,-16.147,8.329,0.168,9.471,-0.320700,173,153.040,142.580
21.796,146.303,152.197,-22.280,8.552,2.237,9.471,-0.268059,174,153.110,141.580
21.897,147.034,151.762,-27.934,8.461,-0.909,9.471,-0.232143,175,153.120,140.580
21.998,147.732,151.272,-32.887,8.548,0.855,9.471,-0.185720,176,153.120,139.580
22.099,148.397,150.736,-37.155,8.579,0.314,9.471,-0.018384,176,153.120,139.580
22.200,149.033,150.169,-40.618,8.486,-0.927,9.471,-0.074475,177,153.120,138.580
22.301,149.664,149.600,-42.277,8.550,0.639,9.471,-0.200032,178,153.120,137.580
22.400,150.274,149.013,-43.789,8.491,-0.599,9.471,-0.330122,179,153.120,136.580
22.501,150.838,148.389,-46.094,8.399,-0.911,9.471,-0.437568,180,153.120,135.580
22.602,151.382,147.647,-50.780,8.303,-0.949,9.471,-0.434162,181,153.120,134.580
22.702,151.743,147.007,-55.947,8.179,-1.236,9.471,-0.239149,181,153.120,134.580
22.803,152.104,146.166,-62.920,8.362,1.814,9.471,-0.153626,182,153.120,133.580
22.904,152.393,145.380,-67.824,8.344,-0.179,9.471,-0.144048,183,153.120,132.580
23.005,152.649,144.588,-71.176,8.385,0.402,9.471,-0.192525,184,153.120,131.580
23.107,152.866,143.784,-73.888,8.360,-0.244,9.471,-0.265321,185,153.120,130.580
23.207,153.030,142.968,-76.916,8.252,-1.071,9.821,-0.362030,186,153.120,128.580
23.308,153.125,142.138,-80.900,8.462,2.079,10.171,-0.219044,186,153.120,128.580
23.408,153.140,141.290,-85.843,8.652,1.898,10.521,-0.079931,187,153.120,125.580
23.509,153.116,140.418,-89.973,8.890,2.372,10.871,0.000000,188,153.120,124.580
23.610,153.078,139.516,-92.359,9.133,2.400,11.221,0.057839,189,153.120,123.580
23.712,153.032,138.500,-93.213,9.468,3.296,11.571,0.083274,190,153.120,122.580
23.812,153.002,137.639,-92.907,9.725,2.561,11.921,0.080253,191,153.120,121.580
23.914,152.983,136.569,-91.695,9.751,0.248,12.271,0.053229,192,153.120,120.580
24.015,152.984,135.566,-90.366,10.142,3.855,12.621,0.000000,193,153.120,119.580
24.115,152.996,134.543,-89.277,10.354,2.116,12.971,0.000000,194,153.120,118.580
24.217,153.012,133.483,-88.774,10.747,3.876,13.321,-0.025826,195,153.120,117.580
24.317,153.032,132.402,-88.621,10.869,1.208,13.671,-0.032411,196,153.120,116.580
24.418,153.048,131.297,-88.846,11.243,3.711,14.021,0.000000,197,153.120,115.580
24.519,153.059,130.154,-89.280,11.531,2.863,14.371,0.000000,198,153.120,114.580
24.620,153.072,128.991,-89.517,11.822,2.872,14.721,0.000000,200,153.120,112.580
24.722,153.083,127.668,-89.625,12.135,3.064,15.071,0.000000,201,153.120,111.580
24.822,153.092,126.569,-89.681,12.393,2.580,15.421,0.000000,202,153.120,110.580
24.924,153.100,125.185,-89.694,12.692,2.948,15.771,0.000000,203,153.120,109.580
25.024,153.107,124.029,-89.714,13.002,3.088,16.121,0.000000,205,153.120,107.580
25.123,153.114,122.576,-89.716,13.350,3.503,16.471,0.000000,206,153.120,105.580
25.225,153.121,121.228,-89.721,13.636,2.824,16.821,0.000000,207,153.120,104.580
25.325,153.128,119.845,-89.722,13.961,3.244,17.171,0.000000,209,153.120,102.580
25.426,153.135,118.436,-89.720,14.276,3.113,17.521,0.000000,210,153.120,101.580
25.527,153.142,116.992,-89.718,14.619,3.377,17.871,0.000000,212,153.120,99.580
25.628,153.149,115.518,-89.716,14.922,3.016,18.221,0.000000,213,153.120,98.580
25.730,153.156,114.011,-89.713,15.240,3.128,18.369,0.000000,215,153.120,96.580
25.831,153.165,112.324,-89.719,15.381,1.388,18.338,0.000000,216,153.120,95.580
25.931,153.171,110.930,-89.707,15.567,1.858,18.311,0.000000,218,153.120,93.580
26.033,153.180,109.219,-89.713,15.580,0.131,18.278,0.000000,219,153.120,92.580
26.134,153.188,107.652,-89.709,15.645,0.642,18.247,0.000000,221,153.120,90.580
26.234,153.196,106.080,-89.705,15.727,0.815,18.216,0.000000,223,153.120,88.580
26.335,153.204,104.499,-89.702,15.778,0.503,18.184,0.000000,224,153.120,87.580
26.437,153.212,102.914,-89.698,15.842,0.633,18.151,0.000000,226,153.120,85.580
26.537,153.221,101.322,-89.694,15.880,0.379,18.117,0.000000,227,153.120,84.580
26.637,153.229,99.727,-89.690,15.929,0.492,18.083,0.000000,229,153.120,82.580
26.738,153.238,98.128,-89.687,15.957,0.270,18.048,0.000000,230,153.120,81.580
26.840,153.247,96.526,-89.683,15.993,0.356,18.013,0.000000,232,153.120,79.580
26.941,153.257,94.760,-89.669,16.106,1.109,17.973,0.000000,234,153.120,77.580
27.042,153.265,93.314,-89.666,16.127,0.210,17.940,0.000000,235,153.120,76.580
27.142,153.275,91.544,-89.662,16.141,0.139,17.900,0.000000,237,153.120,74.580
27.244,153.284,89.934,-89.658,16.151,0.106,17.862,0.000000,239,153.120,72.580
27.344,153.294,88.323,-89.654,16.157,0.057,17.823,0.000000,240,153.120,71.580
27.446,153.303,86.712,-89.650,16.162,0.047,17.784,0.000000,242,153.120,69.580
27.546,153.313,85.100,-89.646,16.161,-0.006,17.745,0.000000,243,153.120,68.580
27.647,153.323,83.489,-89.642,16.160,-0.016,17.705,0.000000,245,153.120,66.580
27.749,153.332,81.878,-89.638,16.153,-0.060,17.665,0.000000,247,153.120,64.580
27.849,153.342,80.268,-89.634,16.146,-0.071,17.623,0.000000,248,153.120,63.580
27.950,153.352,78.658,-89.630,16.135,-0.109,17.582,0.000000,250,153.120,61.580
28.052,153.362,77.050,-89.626,16.123,-0.117,17.540,0.000000,252,153.120,59.580
28.153,153.374,75.284,-89.632,16.011,-1.109,17.493,0.000000,253,153.120,58.580
28.253,153.383,73.839,-89.618,16.090,0.791,17.454,0.000000,255,153.120,56.580
28.354,153.395,72.076,-89.623,15.977,-1.109,17.406,0.000000,257,153.120,54.580
28.454,153.405,70.475,-89.619,15.950,-0.270,17.362,0.000000,258,153.120,53.580
28.555,153.416,68.876,-89.615,15.933,-0.173,17.317,0.000000,260,153.120,51.580
28.656,153.427,67.279,-89.610,15.905,-0.278,17.271,0.000000,261,153.120,50.580
28.757,153.437,65.685,-89.606,15.883,-0.212,17.226,0.000000,263,153.120,48.580
28.860,153.448,64.094,-89.592,15.948,0.629,17.179,0.000000,264,153.120,47.580
28.959,153.459,62.505,-89.597,15.828,-1.202,17.133,0.000000,266,153.120,45.580
29.060,153.471,60.919,-89.583,15.892,0.631,17.085,-0.036862,268,153.120,43.580
29.160,153.475,59.336,-89.809,15.767,-1.239,17.068,-0.029500,269,153.120,42.580
29.261,153.464,57.597,-90.464,15.848,0.793,17.115,0.000000,271,153.120,40.580
29.361,153.448,56.174,-90.972,15.791,-0.569,17.180,0.000000,272,153.120,39.580
29.462,153.424,54.429,-91.293,15.913,1.213,17.284,0.026705,274,153.120,37.580
29.563,153.402,52.999,-91.260,15.987,0.737,17.375,0.028209,276,153.120,35.580
29.663,153.381,51.242,-90.861,16.026,0.391,17.461,0.000000,277,153.120,34.580
29.765,153.365,49.641,-90.445,16.094,0.664,17.528,0.000000,279,153.120,32.580
29.866,153.351,48.035,-90.213,16.121,0.261,17.588,0.000000,281,153.120,30.580
29.966,153.341,46.424,-90.085,16.181,0.602,17.629,0.000000,282,153.120,29.580
30.067,153.335,44.809,-90.013,16.196,0.149,16.629,0.000000,284,153.120,27.580
30.169,153.331,43.217,-89.974,15.635,-5.481,15.629,0.000000,285,153.120,26.580
30.269,153.330,41.691,-89.955,14.983,-6.535,14.629,0.000000,287,153.120,24.960
30.370,153.330,40.229,-89.944,14.376,-6.020,13.629,0.000000,288,153.120,23.960
30.470,153.330,38.826,-89.934,13.719,-6.533,12.629,0.000000,290,153.120,21.960
30.571,153.331,37.489,-89.922,13.073,-6.398,11.629,0.000000,291,153.120,20.960
30.674,153.333,36.096,-89.929,12.268,-7.829,10.629,0.000000,292,153.120,20.960
30.774,153.334,35.016,-89.929,11.820,-4.493,9.629,0.000000,294,153.120,20.960
30.876,153.336,33.752,-89.927,11.229,-5.800,9.586,0.000000,295,153.120,19.960
30.976,153.337,32.653,-89.914,10.699,-5.286,9.586,0.000000,296,153.120,18.960
31.076,153.338,31.595,-89.919,10.631,-0.676,9.586,0.000000,297,153.090,17.970
31.177,153.340,30.548,-89.916,10.279,-3.500,9.586,0.000000,298,152.990,16.980
31.278,153.342,29.513,-89.909,10.344,0.641,9.586,0.000000,299,152.800,16.000
31.379,153.343,28.488,-89.915,10.176,-1.685,9.586,0.000000,300,152.530,15.030
31.479,153.345,27.488,-89.931,9.905,-2.696,9.283,0.000000,301,152.180,14.100
31.580,153.346,26.505,-89.919,9.693,-2.104,9.283,-0.032561,302,151.750,13.190
31.681,153.347,25.540,-89.926,9.630,-0.616,9.283,-0.042677,303,151.750,13.190
31.782,153.336,24.488,-90.330,9.511,-1.184,9.283,-0.031014,304,151.250,12.330
31.883,153.318,23.638,-90.899,9.427,-0.834,9.283,-0.006443,305,150.670,11.510
31.983,153.287,22.608,-91.633,9.317,-1.091,9.283,0.026727,306,150.030,10.740
32.086,153.256,21.680,-92.034,9.207,-1.070,9.283,0.047569,307,149.330,10.030
32.186,153.231,20.761,-91.940,9.094,-1.132,9.283,0.049005,308,148.580,9.380
32.287,153.216,19.849,-91.422,9.158,0.642,9.283,0.033012,309,147.770,8.790
32.388,153.211,18.940,-90.649,9.105,-0.519,9.283,-0.059606,310,146.910,8.270
32.489,153.214,18.037,-89.945,8.924,-1.806,9.283,-0.240389,311,146.010,7.830
32.589,153.200,17.142,-90.221,8.959,0.348,9.283,-0.439138,312,145.080,7.470
32.691,153.118,16.181,-92.744,8.608,-3.460,9.283,-0.537388,313,144.120,7.180
32.794,152.959,15.335,-97.269,8.581,-0.256,9.283,-0.566296,314,143.150,6.970
32.893,152.704,14.533,-103.404,8.389,-1.937,9.283,-0.345548,314,143.150,6.970
32.994,152.350,13.785,-110.583,8.384,-0.042,9.283,-0.240305,315,142.150,6.850
33.095,151.929,13.063,-117.044,8.448,0.631,9.283,-0.165212,316,141.160,6.810
33.195,151.463,12.367,-121.934,8.349,-0.997,9.283,-0.158751,317,140.160,6.810
33.296,150.967,11.697,-125.466,8.352,0.030,9.283,-0.183329,318,139.160,6.810
33.397,150.431,11.047,-128.385,8.452,0.994,9.283,-0.247485,319,138.160,6.810
33.499,149.863,10.434,-131.310,8.309,-1.418,9.283,-0.144561,319,138.160,6.810
33.600,149.258,9.871,-134.854,8.240,-0.680,9.283,-0.174699,320,137.160,6.810
33.701,148.626,9.322,-138.142,8.337,0.953,9.283,-0.242598,321,136.160,6.810
33.802,147.967,8.810,-140.739,8.310,-0.262,9.283,-0.322047,322,135.160,6.810
33.903,147.203,8.310,-144.711,8.311,0.011,9.283,-0.366498,323,134.160,6.810
34.003,146.547,7.967,-148.917,8.197,-1.138,9.283,-0.213983,323,134.160,6.810
34.104,145.706,7.627,-154.786,8.300,1.021,9.283,-0.169426,324,133.160,6.810
34.206,144.923,7.355,-159.041,8.265,-0.342,9.283,-0.169690,325,132.160,6.810
34.306,144.129,7.120,-162.303,8.341,0.762,9.283,-0.218218,326,131.160,6.810
34.407,143.325,6.929,-165.242,8.269,-0.709,9.633,-0.320110,327,130.160,6.810
34.508,142.512,6.797,-168.664,8.240,-0.286,9.983,-0.374382,328,127.160,6.810
34.609,141.670,6.742,-173.148,8.497,2.569,10.333,-0.204188,328,127.160,6.810
34.709,140.814,6.767,-178.490,8.637,1.399,10.683,-0.036522,329,125.160,6.810
34.810,139.831,6.834,177.108,9.125,4.808,11.033,0.067731,330,124.160,6.810
34.911,139.019,6.892,175.499,9.126,0.013,11.383,0.112079,331,123.160,6.810
35.013,138.002,6.948,175.647,9.442,3.105,11.733,0.115800,332,122.160,6.810
35.115,137.042,6.978,177.018,9.734,2.852,12.083,0.086916,333,121.160,6.810
35.214,136.060,6.985,178.869,9.968,2.363,12.433,0.000000,334,120.160,6.810
35.315,135.049,6.975,-179.531,10.236,2.649,12.783,0.000000,335,119.160,6.810
35.417,134.013,6.962,-178.798,10.531,2.896,13.133,-0.021433,336,118.160,6.810
35.516,132.946,6.942,-178.551,10.824,2.945,13.483,-0.030643,337,117.160,6.810
35.618,131.861,6.924,-178.692,11.019,1.915,13.833,-0.028923,338,116.160,6.810
35.719,130.738,6.911,-179.157,11.381,3.607,14.183,0.000000,339,115.160,6.810
35.820,129.590,6.904,-179.595,11.584,2.013,14.533,0.000000,341,113.160,6.810
35.920,128.290,6.896,-179.857,11.946,3.606,14.883,0.000000,342,112.160,6.810
36.022,127.205,6.893,-179.963,12.258,3.072,15.233,0.000000,343,111.160,6.810
36.122,125.837,6.890,179.988,12.561,3.010,15.583,0.000000,344,110.160,6.810
36.222,124.570,6.890,179.970,12.831,2.695,15.933,0.000000,346,108.160,6.810
36.323,123.270,6.890,179.961,13.136,3.044,16.283,0.000000,347,107.160,6.810
36.424,121.937,6.891,179.958,13.468,3.268,16.633,0.000000,348,105.160,6.810
36.525,120.576,6.892,179.959,13.753,2.845,16.983,0.000000,350,103.160,6.810
36.626,119.183,6.893,179.956,14.077,3.203,17.333,0.000000,351,102.160,6.810
36.727,117.759,6.894,179.957,14.372,2.918,17.683,0.000000,352,101.160,6.810
36.828,116.305,6.896,179.957,14.689,3.114,18.033,0.000000,354,99.160,6.810
36.929,114.818,6.897,179.956,15.001,3.114,18.173,0.000000,355,98.160,6.810
37.030,113.305,6.898,179.956,15.213,2.090,18.167,0.000000,357,96.160,6.810
37.131,111.625,6.900,179.937,15.333,1.186,18.161,0.000000,359,94.160,6.810
37.232,110.240,6.901,179.955,15.424,0.910,18.156,0.000000,360,93.160,6.810
37.332,108.538,6.903,179.937,15.527,1.022,18.150,0.000000,362,91.160,6.810
37.434,107.136,6.904,179.936,15.612,0.835,18.144,0.000000,363,90.160,6.810
37.534,105.415,6.906,179.936,15.690,0.782,18.138,0.000000,365,88.160,6.810
37.636,103.842,6.907,179.936,15.761,0.696,18.132,0.000000,366,87.160,6.810
37.736,102.262,6.909,179.936,15.826,0.651,18.126,0.000000,368,85.160,6.810
37.838,100.676,6.910,179.936,15.886,0.584,18.120,0.000000,369,84.160,6.810
37.938,99.085,6.912,179.936,15.941,0.547,18.114,0.000000,371,82.160,6.810
38.040,97.488,6.913,179.955,15.995,0.535,18.108,0.000000,373,80.160,6.810
38.140,95.886,6.915,179.936,16.036,0.412,18.102,0.000000,374,79.160,6.810
38.242,94.119,6.917,179.954,16.082,0.446,18.095,0.000000,376,77.160,6.810
38.342,92.670,6.918,179.954,16.119,0.373,18.090,0.000000,377,76.160,6.810
38.444,90.895,6.920,179.954,16.154,0.344,18.083,0.000000,379,74.160,6.810
38.545,89.278,6.921,179.954,16.185,0.304,18.077,0.000000,381,72.160,6.810
38.645,87.658,6.923,179.954,16.214,0.289,18.070,0.000000,383,70.160,6.810
38.746,86.035,6.924,179.954,16.240,0.257,18.064,0.000000,384,69.160,6.810
38.846,84.410,6.926,179.954,16.264,0.240,18.058,0.000000,386,67.160,6.810
38.946,82.782,6.927,179.954,16.285,0.215,18.052,0.000000,387,66.160,6.810
39.047,81.153,6.929,179.954,16.305,0.196,18.045,0.000000,389,64.160,6.810
39.150,79.521,6.931,179.954,16.323,0.175,18.039,0.000000,391,62.160,6.810
39.250,77.888,6.932,179.954,16.339,0.162,18.033,0.000000,392,61.160,6.810
39.350,76.253,6.934,179.954,16.354,0.148,18.026,0.000000,394,59.160,6.810
39.451,74.453,6.935,179.936,16.369,0.146,18.019,0.000000,396,57.160,6.810
39.553,72.980,6.937,179.954,16.379,0.103,18.014,0.000000,397,56.160,6.810
39.653,71.177,6.939,179.936,16.392,0.127,18.007,0.000000,399,54.160,6.810
39.754,69.538,6.940,179.936,16.401,0.088,18.000,0.000000,401,52.160,6.810
39.855,67.897,6.942,179.936,16.410,0.093,17.994,0.000000,402,51.160,6.810
39.956,66.255,6.943,179.935,16.418,0.074,17.988,0.000000,404,49.160,6.810
40.060,64.613,6.945,179.936,16.425,0.072,17.981,0.000000,406,47.160,6.810
40.160,62.806,6.947,179.954,16.432,0.067,17.974,0.000000,407,46.160,6.810
40.261,61.327,6.948,179.935,16.437,0.048,17.968,0.000000,409,44.160,6.810
40.363,59.519,6.950,179.954,16.443,0.061,17.961,0.000000,411,42.160,6.810
40.463,58.039,6.951,179.954,16.446,0.034,17.956,0.000000,412,41.160,6.810
40.563,56.229,6.953,179.954,16.452,0.051,17.949,0.000000,414,39.160,6.810
40.664,54.584,6.955,179.954,16.453,0.019,17.942,0.000000,416,37.160,6.810
40.765,52.938,6.956,179.954,16.457,0.040,17.936,0.000000,417,36.160,6.810
40.866,51.293,6.958,179.954,16.459,0.017,17.929,0.000000,419,34.160,6.810
40.967,49.646,6.959,179.954,16.462,0.027,17.923,0.000000,421,32.160,6.810
41.069,48.000,6.961,179.954,16.463,0.013,17.916,0.000000,422,31.160,6.810
41.168,46.354,6.962,179.954,16.465,0.019,17.910,0.000000,424,29.160,6.810
41.270,44.543,6.964,179.935,16.466,0.009,16.910,0.000000,426,27.160,6.810
41.370,43.091,6.965,-179.925,15.831,-6.336,15.910,0.000000,427,26.160,6.810
41.471,41.391,6.965,-179.824,15.247,-5.788,14.910,0.000000,429,24.160,6.810
41.572,39.907,6.963,-179.787,14.561,-6.786,13.910,0.000000,430,23.160,6.810
41.674,38.484,6.959,-179.754,13.995,-5.574,12.910,0.000000,432,21.160,6.810
41.774,37.128,6.954,-179.735,13.224,-7.696,11.910,0.000000,433,21.160,6.810
41.875,35.837,6.949,-179.715,12.635,-5.813,10.910,0.000000,434,22.160,6.810
41.977,34.608,6.943,-179.629,11.939,-6.855,9.910,0.000000,436,20.160,6.810
42.078,33.443,6.936,-179.643,11.366,-5.633,8.910,0.000000,437,19.160,6.810
42.179,32.337,6.930,-179.878,10.836,-5.258,8.674,0.000000,438,18.170,6.830
42.279,31.304,6.926,179.723,9.877,-9.549,8.674,0.000000,439,17.170,6.930
42.381,30.349,6.928,179.415,9.307,-5.612,8.674,0.000000,440,17.170,6.930
42.482,29.337,6.935,179.285,9.283,-0.244,8.674,0.000000,441,16.190,7.110
42.584,28.508,6.944,179.215,9.109,-1.706,8.674,0.000000,442,15.220,7.370
42.685,27.511,6.957,179.215,9.008,-1.001,8.674,0.045113,443,14.280,7.710
42.786,26.617,6.968,179.260,8.809,-1.969,8.674,0.055681,444,13.370,8.130
42.887,25.735,6.968,179.658,8.825,0.162,8.674,0.041731,444,13.370,8.130
42.989,24.852,6.954,-179.576,8.867,0.417,8.674,0.012802,445,12.510,8.620
43.088,23.981,6.932,-178.779,8.564,-3.041,8.674,-0.018363,446,11.680,9.180
43.189,23.123,6.907,-178.307,8.559,-0.048,8.674,-0.039004,447,10.900,9.820
43.292,22.266,6.886,-178.250,8.562,0.029,8.674,-0.045602,448,10.190,10.510
43.392,21.334,6.871,-178.675,8.361,-2.013,8.674,-0.033463,449,9.530,11.260
43.493,20.486,6.867,-179.279,8.541,1.775,8.674,-0.013567,450,8.930,12.060
43.594,19.652,6.869,-179.871,8.253,-2.842,8.674,-0.029673,451,8.410,12.920
43.694,18.820,6.874,179.731,8.322,0.694,8.674,-0.018618,451,8.410,12.920
43.796,17.995,6.886,179.303,8.152,-1.686,8.674,-0.165934,452,7.960,13.810
43.897,17.172,6.905,178.913,8.142,-0.093,8.674,-0.330438,453,7.580,14.730
43.998,16.357,6.971,177.159,8.040,-1.014,8.674,-0.446093,454,7.280,15.690
44.100,15.567,7.110,173.421,7.893,-1.451,8.674,-0.496343,455,7.070,16.670
44.200,14.811,7.338,167.893,7.859,-0.338,8.674,-0.311531,455,7.070,16.670
44.302,14.104,7.654,161.323,7.757,-1.008,8.674,-0.242411,456,6.940,17.660
44.402,13.332,8.063,155.172,7.989,2.306,8.674,-0.186592,457,6.890,18.650
44.503,12.731,8.429,151.248,7.697,-2.908,8.674,-0.191454,458,6.890,19.650
44.604,12.015,8.912,147.537,7.889,1.904,8.674,-0.239136,459,6.890,20.650
44.705,11.393,9.390,144.406,7.846,-0.428,8.674,-0.135993,459,6.890,20.650
44.806,10.806,9.905,141.074,7.810,-0.361,8.674,-0.183875,460,6.890,21.650
44.906,10.231,10.441,138.414,7.848,0.379,8.674,-0.249703,461,6.890,22.650
45.007,9.689,11.007,135.613,7.782,-0.647,8.674,-0.310797,462,6.890,23.650
45.108,9.201,11.603,132.098,7.735,-0.469,8.674,-0.195798,462,6.890,23.650
45.208,8.757,12.246,127.894,7.916,1.803,9.024,-0.256313,463,6.890,24.650
45.309,8.341,12.906,124.328,7.799,-1.159,9.374,-0.299456,464,6.890,25.650
45.411,7.971,13.606,120.545,8.009,2.070,9.487,-0.325448,465,6.890,26.650
45.511,7.625,14.430,115.678,8.130,1.201,9.487,-0.328677,466,6.890,27.650
45.612,7.403,15.125,111.253,8.088,-0.414,9.487,-0.160620,466,6.890,27.650
45.714,7.200,15.997,105.888,8.135,0.465,9.837,-0.152849,467,6.890,28.650
45.815,7.039,16.806,102.461,8.436,2.974,10.187,-0.206494,468,6.890,29.650
45.917,6.913,17.650,99.631,8.642,2.021,10.537,-0.290430,469,6.890,31.650
46.017,6.846,18.514,96.302,8.700,0.577,10.887,-0.120000,470,6.890,34.650
46.118,6.844,19.407,92.240,9.097,3.925,11.237,-0.055413,471,6.890,35.650
46.219,6.863,20.419,89.193,9.247,1.477,11.587,0.000000,472,6.890,36.650
46.321,6.893,21.267,87.817,9.528,2.779,11.937,0.054123,473,6.890,37.650
46.422,6.932,22.335,87.308,9.869,3.371,12.287,0.071547,474,6.890,38.650
46.521,6.956,23.230,87.806,10.067,1.991,12.637,0.064023,475,6.890,39.650
46.622,6.969,24.352,88.812,10.335,2.646,12.987,0.000000,476,6.890,40.650
46.723,6.969,25.402,89.858,10.652,3.140,13.337,0.000000,477,6.890,41.650
46.825,6.970,26.489,90.326,11.008,3.516,13.687,0.000000,478,6.890,42.650
46.925,6.965,27.597,90.520,11.270,2.626,14.037,0.000000,479,6.890,43.650
47.026,6.957,28.741,90.597,11.466,1.936,14.387,0.000000,480,6.890,44.650
47.127,6.946,29.899,90.629,11.757,2.888,14.737,0.000000,481,6.890,45.650
47.228,6.933,31.098,90.647,12.131,3.675,15.087,0.000000,482,6.890,46.650
47.328,6.920,32.320,90.649,12.402,2.716,15.437,0.000000,484,6.890,48.650
47.430,6.906,33.582,90.653,12.671,2.633,15.787,0.000000,485,6.890,49.650
47.530,6.892,34.857,90.652,12.928,2.572,16.137,0.000000,486,6.890,50.650
47.631,6.875,36.305,90.644,13.331,3.984,16.487,0.000000,488,6.890,52.650
47.733,6.862,37.514,90.649,13.539,2.045,16.837,0.000000,489,6.890,54.650
47.834,6.844,39.030,90.637,13.964,4.203,17.187,0.000000,490,6.890,55.650
47.935,6.829,40.438,90.634,14.264,2.975,17.537,0.000000,492,6.890,57.650
48.037,6.813,41.878,90.631,14.581,3.110,17.887,0.000000,493,6.890,58.650
48.138,6.796,43.350,90.629,14.891,3.074,18.146,0.000000,495,6.890,60.650
48.238,6.780,44.851,90.626,15.161,2.686,18.079,0.000000,496,6.890,61.650
48.338,6.763,46.370,90.622,15.245,0.844,18.012,0.000000,498,6.890,63.650
48.439,6.746,47.889,90.618,15.301,0.549,17.945,0.000000,499,6.890,64.650
48.539,6.729,49.421,90.624,15.273,-0.278,17.877,0.000000,501,6.890,66.650
48.641,6.713,50.954,90.611,15.413,1.384,17.809,0.000000,502,6.890,67.650
48.741,6.694,52.648,90.616,15.363,-0.494,17.734,0.000000,504,6.890,69.650
48.842,6.680,54.037,90.611,15.395,0.312,17.672,0.000000,505,6.890,70.650
48.943,6.661,55.736,90.607,15.422,0.270,17.597,0.000000,507,6.890,72.650
49.045,6.645,57.284,90.603,15.430,0.083,17.529,0.000000,509,6.890,74.650
49.145,6.629,58.833,90.598,15.445,0.150,17.462,0.000000,510,6.890,75.650
49.247,6.613,60.382,90.594,15.447,0.014,17.394,0.000000,512,6.890,77.650
49.347,6.597,61.932,90.589,15.448,0.008,17.327,0.000000,513,6.890,78.650
49.447,6.581,63.481,90.585,15.442,-0.062,17.260,0.000000,515,6.890,80.650
49.549,6.565,65.029,90.580,15.432,-0.091,17.194,0.000000,516,6.890,81.650
49.650,6.548,66.732,90.565,15.516,0.829,17.121,0.000000,518,6.890,83.650
49.751,6.534,68.122,90.571,15.397,-1.175,17.062,-0.043532,519,6.890,84.650
49.852,6.525,69.821,90.293,15.478,0.797,17.026,-0.034092,521,6.890,86.650
49.953,6.535,71.363,89.586,15.475,-0.030,17.065,-0.008611,523,6.890,88.650
50.055,6.554,72.907,88.875,15.520,0.446,17.148,0.000000,524,6.890,89.650
50.156,6.581,74.458,88.424,15.578,0.576,17.263,0.036024,526,6.890,91.650
50.257,6.611,76.015,88.391,15.656,0.768,17.385,0.039456,527,6.890,92.650
50.359,6.632,77.581,88.891,15.740,0.820,17.475,0.000000,529,6.890,94.650
50.459,6.649,79.154,89.483,15.805,0.656,17.546,0.000000,531,6.890,96.650
50.560,6.665,80.733,89.808,15.864,0.588,17.611,0.000000,532,6.890,97.650
50.660,6.675,82.318,89.982,15.922,0.574,17.652,0.000000,534,6.890,99.650
50.760,6.680,83.909,90.074,15.964,0.417,17.673,0.000000,535,6.890,100.650
50.861,6.681,85.661,90.134,15.909,-0.542,17.679,0.000000,537,6.890,102.650
50.962,6.680,87.099,90.146,16.019,1.090,17.675,0.000000,538,6.890,103.650
51.063,6.677,88.856,90.168,15.945,-0.734,17.663,0.000000,540,6.890,105.650
51.163,6.674,90.456,90.172,15.954,0.093,17.647,0.000000,542,6.890,107.650
51.264,6.669,92.057,90.172,15.963,0.083,17.630,0.000000,543,6.890,108.650
51.365,6.665,93.658,90.171,15.967,0.045,17.611,0.000000,545,6.890,110.650
51.466,6.660,95.259,90.168,15.971,0.035,17.593,0.000000,547,6.890,112.650
51.567,6.656,96.861,90.165,15.972,0.015,17.574,0.000000,548,6.890,113.650
51.667,6.651,98.463,90.161,15.973,0.006,17.555,0.000000,550,6.890,115.650
51.767,6.647,100.065,90.158,15.972,-0.006,17.536,0.000000,551,6.890,116.650
51.869,6.642,101.667,90.154,15.971,-0.014,17.518,0.000000,553,6.890,118.650
51.970,6.638,103.429,90.140,16.063,0.919,17.499,0.000000,555,6.890,120.650
52.071,6.634,104.870,90.146,15.964,-0.976,17.483,0.000000,556,6.890,121.650
52.171,6.630,106.632,90.132,16.058,0.925,17.465,0.000000,558,6.890,123.650
52.272,6.626,108.072,90.138,15.956,-1.008,17.450,0.000000,559,6.890,124.650
52.372,6.622,109.833,90.123,16.050,0.934,17.433,0.000000,561,6.890,126.650
52.472,6.618,111.432,90.119,16.042,-0.081,17.417,0.000000,563,6.890,128.650
52.574,6.615,113.032,90.115,16.039,-0.026,17.403,0.000000,564,6.890,129.650
52.675,6.611,114.630,90.111,16.033,-0.063,17.388,0.000000,566,6.890,131.650
52.774,6.608,116.229,90.107,16.028,-0.044,16.388,0.000000,568,6.890,133.650
52.876,6.605,117.781,90.103,15.153,-8.590,15.388,0.000000,569,6.890,134.650
52.978,6.602,119.274,90.100,14.848,-2.999,14.388,0.000000,571,6.890,136.650
53.079,6.599,120.709,90.097,13.971,-8.644,13.388,0.000000,572,6.890,137.650
53.179,6.597,122.083,90.101,13.608,-3.659,12.388,0.000000,573,6.890,138.650
53.279,6.594,123.389,90.095,12.629,-9.771,11.388,0.000000,575,6.890,137.650
53.380,6.592,124.634,90.098,12.342,-2.843,10.388,0.000000,576,6.890,138.650
53.482,6.590,125.855,90.113,12.173,-1.658,9.465,0.000000,577,6.890,139.650
53.583,6.587,127.166,90.119,11.616,-5.518,9.465,0.000000,579,6.890,141.640
53.684,6.586,128.195,90.095,11.196,-4.136,9.465,0.000000,580,6.980,142.640
53.785,6.584,129.388,89.943,10.504,-6.901,9.465,0.000000,581,6.980,142.640
53.886,6.583,130.437,89.921,10.454,-0.500,9.456,0.000000,582,7.140,143.630
53.985,6.584,131.479,89.917,10.323,-1.319,9.456,0.000000,583,7.390,144.600
54.087,6.585,132.505,89.896,10.221,-1.005,9.456,0.000000,584,7.710,145.540
54.188,6.587,133.515,89.907,9.988,-2.292,9.456,-0.054930,585,8.120,146.460
54.289,6.589,134.512,89.892,10.025,0.366,9.456,-0.053720,586,8.600,147.330
54.390,6.607,135.502,89.377,9.861,-1.638,9.456,-0.032406,587,9.150,148.170
54.491,6.641,136.568,88.435,9.713,-1.455,9.456,0.009409,588,9.770,148.950
54.591,6.677,137.430,87.783,9.537,-1.758,9.456,0.040387,589,10.450,149.680
54.693,6.717,138.479,87.462,9.553,0.160,9.456,0.060887,590,11.190,150.350
54.794,6.743,139.329,87.770,9.455,-0.969,9.456,0.055340,591,11.980,150.960
54.893,6.759,140.354,88.559,9.289,-1.666,9.456,0.027138,592,12.830,151.500
54.995,6.762,141.284,89.515,9.333,0.434,9.456,-0.196806,593,13.710,151.960
55.096,6.760,142.205,90.157,9.083,-2.470,9.456,-0.387178,594,14.630,152.350
55.198,6.811,143.109,88.671,8.952,-1.282,9.456,-0.351450,594,14.630,152.350
55.299,6.940,143.988,84.749,8.836,-1.154,9.456,-0.412955,595,15.580,152.670
55.400,7.178,144.925,78.752,8.730,-1.049,9.456,-0.355548,596,16.550,152.900
55.501,7.456,145.650,73.010,8.569,-1.588,9.456,-0.330340,597,17.540,153.050
55.602,7.883,146.503,66.096,8.654,0.844,9.456,-0.240693,598,18.540,153.110
55.703,8.343,147.235,60.300,8.645,-0.090,9.456,-0.170104,599,19.540,153.110
55.803,8.854,147.941,55.582,8.805,1.594,9.456,-0.173790,600,20.540,153.110
55.905,9.393,148.607,52.019,8.510,-2.911,9.456,-0.037685,600,20.540,153.110
56.006,9.969,149.250,49.025,8.666,1.542,9.456,-0.088814,601,21.540,153.110
56.106,10.552,149.886,47.385,8.533,-1.323,9.456,-0.217595,602,22.540,153.110
56.207,11.154,150.492,45.797,8.481,-0.516,9.456,-0.339875,603,23.540,153.110
56.309,11.798,151.048,42.893,8.435,-0.458,9.456,-0.438715,604,24.540,153.110
56.409,12.484,151.530,38.353,8.411,-0.231,9.456,-0.453503,605,25.540,153.110
56.510,13.220,151.924,32.331,8.393,-0.179,9.456,-0.393014,606,26.540,153.110
56.612,14.074,152.249,24.852,8.312,-0.799,9.456,-0.100378,606,26.540,153.110
56.712,14.793,152.449,19.189,8.368,0.564,9.456,-0.031359,607,27.540,153.110
56.813,15.683,152.693,15.542,8.307,-0.607,9.626,-0.084789,608,28.540,153.110
56.913,16.412,152.881,14.220,8.361,0.542,9.626,-0.216956,609,29.540,153.110
57.013,17.328,153.074,12.512,8.521,1.583,9.976,-0.371598,610,31.540,153.110
57.116,18.156,153.179,9.518,8.381,-1.367,10.326,-0.120000,611,34.540,153.110
57.216,19.005,153.212,5.188,8.614,2.331,10.676,-0.120000,611,34.540,153.110
57.317,19.882,153.233,2.167,8.909,2.916,11.026,-0.058468,612,35.540,153.110
57.417,20.780,153.225,-0.088,9.032,1.235,11.376,0.000000,613,36.540,153.110
57.518,21.708,153.201,-1.497,9.474,4.358,11.726,0.029600,614,37.540,153.110
57.619,22.657,153.176,-1.999,9.573,0.991,12.076,0.045034,615,38.540,153.110
57.720,23.728,153.151,-1.799,9.925,3.464,12.426,0.043208,616,39.540,153.110
57.822,24.637,153.138,-1.259,10.213,2.836,12.776,0.031216,617,40.540,153.110
57.922,25.770,153.132,-0.461,10.382,1.690,13.126,0.000000,618,41.540,153.110
58.024,26.830,153.133,0.140,10.747,3.565,13.476,0.000000,619,42.540,153.110
58.124,27.930,153.136,0.423,11.128,3.817,13.826,0.000000,620,43.540,153.110
58.225,29.048,153.143,0.543,11.359,2.279,14.176,0.000000,622,45.540,153.110
58.327,30.200,153.153,0.592,11.676,3.110,14.526,0.000000,623,46.540,153.110
58.427,31.380,153.165,0.608,11.921,2.456,14.876,0.000000,624,47.540,153.110
58.529,32.586,153.177,0.628,12.218,2.903,15.226,0.000000,625,48.540,153.110
58.631,33.825,153.191,0.638,12.536,3.141,15.576,0.000000,626,49.540,153.110
58.731,35.097,153.205,0.626,12.841,3.036,15.926,0.000000,628,51.540,153.110
58.831,36.393,153.219,0.631,13.098,2.579,16.276,0.000000,629,52.540,153.110
58.932,37.858,153.235,0.640,13.489,3.842,16.626,0.000000,630,54.540,153.110
59.032,39.079,153.249,0.633,13.737,2.483,16.976,0.000000,632,56.540,153.110
59.133,40.611,153.266,0.632,14.061,3.207,17.326,0.000000,633,57.540,153.110
59.234,41.895,153.280,0.620,14.423,3.602,17.676,0.000000,634,58.540,153.110
59.335,43.497,153.297,0.626,14.693,2.663,17.767,0.000000,636,60.540,153.110
59.438,44.982,153.314,0.623,14.821,1.254,17.701,0.000000,637,61.540,153.110
59.537,46.474,153.330,0.619,14.941,1.205,17.634,0.000000,639,63.540,153.110
59.639,47.976,153.346,0.615,14.976,0.343,17.567,0.000000,640,64.540,153.110
59.739,49.480,153.362,0.610,15.057,0.813,17.500,0.000000,642,66.540,153.110
59.841,50.994,153.378,0.596,15.180,1.203,17.433,0.000000,643,67.540,153.110
59.942,52.508,153.394,0.602,15.138,-0.415,17.366,0.000000,645,69.540,153.110
60.042,54.181,153.411,0.587,15.247,1.090,17.293,0.000000,647,71.540,153.110
60.143,55.549,153.426,0.583,15.280,0.322,17.233,0.000000,648,72.540,153.110
60.243,57.226,153.443,0.578,15.286,0.065,17.160,0.000000,650,74.540,153.110
60.343,58.597,153.457,0.573,15.302,0.156,17.100,0.000000,651,75.540,153.110
60.445,60.276,153.474,0.569,15.302,-0.002,17.028,-0.044045,653,77.540,153.110
60.546,61.800,153.483,0.353,15.300,-0.017,16.992,-0.036931,654,78.540,153.110
60.647,63.326,153.474,-0.345,15.310,0.105,17.028,-0.011853,656,80.540,153.110
60.749,64.854,153.454,-1.120,15.366,0.539,17.114,0.000000,657,81.540,153.110
60.849,66.389,153.425,-1.647,15.432,0.665,17.235,0.037859,659,83.540,153.110
60.950,68.087,153.391,-1.720,15.456,0.240,17.380,0.043115,661,85.540,153.110
61.052,69.487,153.370,-1.191,15.554,0.959,17.469,0.028760,662,86.540,153.110
61.153,71.207,153.355,-0.394,15.629,0.746,17.531,0.000000,664,88.540,153.110
61.255,72.777,153.349,0.268,15.691,0.609,17.553,0.000000,665,89.540,153.110
61.354,74.353,153.351,0.624,15.728,0.370,17.548,0.000000,667,91.540,153.110
61.455,75.931,153.360,0.812,15.753,0.250,17.507,0.000000,668,92.540,153.110
61.556,77.511,153.376,0.911,15.750,-0.036,17.440,0.000000,670,94.540,153.110
61.657,79.090,153.397,0.963,15.737,-0.128,17.354,0.000000,672,96.540,153.110
61.758,80.667,153.421,0.990,15.704,-0.321,17.255,0.000000,673,97.540,153.110
61.860,82.240,153.446,1.004,15.667,-0.365,17.148,0.000000,675,99.540,153.110
61.959,83.809,153.472,1.009,15.617,-0.503,17.036,-0.058969,676,100.540,153.110
62.060,85.372,153.487,0.645,15.552,-0.645,16.972,-0.047056,678,102.540,153.110
62.161,87.088,153.479,-0.459,15.642,0.891,17.009,-0.007584,680,104.540,153.110
62.263,88.492,153.460,-1.302,15.576,-0.650,17.089,0.023280,681,105.540,153.110
62.364,90.214,153.431,-1.766,15.723,1.453,17.211,0.042058,683,107.540,153.110
62.465,91.786,153.407,-1.509,15.804,0.799,17.314,0.034800,684,108.540,153.110
62.565,93.365,153.389,-0.838,15.853,0.486,17.388,0.000000,686,110.540,153.110
62.666,94.949,153.375,-0.236,15.915,0.624,17.447,0.000000,687,111.540,153.110
62.767,96.538,153.365,0.090,15.952,0.361,17.489,0.000000,689,113.540,153.110
62.868,98.131,153.361,0.264,15.995,0.427,17.503,0.000000,691,115.540,153.110
62.969,99.727,153.363,0.356,16.006,0.112,17.494,0.000000,692,116.540,153.110
63.069,101.324,153.370,0.405,16.022,0.157,17.468,0.000000,694,118.540,153.110
63.170,102.921,153.378,0.430,16.014,-0.086,17.432,0.000000,695,119.540,153.110
63.271,104.677,153.390,0.452,15.918,-0.947,17.383,0.000000,697,121.540,153.110
63.373,106.271,153.402,0.456,15.888,-0.297,17.334,0.000000,699,123.540,153.110
63.475,107.865,153.414,0.457,15.881,-0.068,17.284,0.000000,700,124.540,153.110
63.575,109.456,153.426,0.455,15.847,-0.335,17.232,0.000000,702,126.540,153.110
63.676,111.044,153.438,0.453,15.833,-0.145,17.179,0.000000,704,128.540,153.110
63.777,112.630,153.451,0.449,15.798,-0.345,17.127,0.000000,705,129.540,153.110
63.878,114.214,153.463,0.445,15.778,-0.197,17.075,-0.038360,707,131.540,153.110
63.978,115.794,153.464,0.103,15.735,-0.428,16.075,-0.024865,708,132.540,153.110
64.080,117.375,153.450,-0.633,15.768,0.328,15.075,0.000000,710,134.540,153.110
64.180,118.928,153.429,-1.242,15.240,-5.244,14.075,0.018709,711,135.540,153.110
64.281,120.444,153.402,-1.571,15.225,-0.147,13.075,0.027602,713,137.540,153.110
64.381,121.933,153.373,-1.734,14.554,-6.743,12.075,0.030375,714,138.540,153.110
64.482,123.488,153.347,-1.380,13.801,-7.423,11.075,0.020359,716,138.540,153.110
64.583,124.696,153.332,-0.899,13.142,-6.549,10.075,0.000000,717,138.540,153.110
64.684,126.095,153.316,-0.465,12.359,-7.759,9.075,0.000000,719,140.540,153.110
64.785,127.299,153.304,-0.083,11.715,-6.365,8.888,0.000000,720,140.540,153.110
64.886,128.441,153.299,0.280,11.130,-5.786,8.888,0.000000,721,141.530,153.110
64.987,129.522,153.300,0.668,10.611,-5.162,8.888,0.000000,722,142.530,153.040
65.088,130.543,153.308,0.907,9.941,-6.596,8.888,0.000000,723,143.510,152.880
65.189,131.527,153.320,1.029,9.832,-1.085,8.888,0.000000,724,144.490,152.650
65.290,132.507,153.336,1.080,9.702,-1.280,8.888,0.000000,725,145.430,152.330
65.391,133.562,153.355,1.095,9.584,-1.174,8.888,-0.080290,726,146.350,151.940
65.492,134.419,153.371,1.084,9.522,-0.612,8.888,-0.088799,727,147.230,151.470
65.593,135.446,153.364,0.251,9.219,-3.013,8.888,-0.059514,728,148.070,150.920
65.693,136.279,153.339,-1.081,9.222,0.032,8.888,-0.013442,729,148.870,150.310
65.794,137.282,153.295,-2.294,9.038,-1.816,8.888,0.042977,730,149.600,149.640
65.894,138.189,153.252,-2.937,9.178,1.408,8.888,0.075348,731,150.280,148.900
65.995,139.083,153.220,-2.780,8.779,-3.951,8.888,0.075463,732,150.900,148.110
66.096,139.973,153.203,-1.925,8.889,1.084,8.888,0.048834,732,150.900,148.110
66.198,140.853,153.201,-0.769,8.766,-1.205,8.888,0.007798,733,151.440,147.280
66.298,141.728,153.208,0.226,8.750,-0.159,8.888,-0.174982,734,151.920,146.400
66.400,142.591,153.215,0.674,8.478,-2.685,8.888,-0.396758,735,152.320,145.480
66.501,143.531,153.165,-1.148,8.451,-0.268,8.888,-0.496312,736,152.640,144.530
66.601,144.265,153.054,-4.680,8.081,-3.671,9.238,-0.601518,737,152.880,143.560
66.702,145.129,152.814,-11.113,8.179,0.973,9.471,-0.532206,738,153.040,142.580
66.805,145.885,152.492,-18.078,8.256,0.753,9.471,-0.263124,738,153.040,142.580
66.905,146.596,152.074,-25.516,8.342,0.858,9.471,-0.152977,739,153.110,141.580
67.006,147.293,151.617,-31.044,8.417,0.745,9.471,-0.118876,740,153.120,140.580
67.107,147.972,151.134,-34.582,8.379,-0.378,9.471,-0.129931,741,153.120,139.580
67.208,148.631,150.624,-37.061,8.376,-0.029,9.471,-0.224599,742,153.120,138.580
67.309,149.268,150.082,-39.370,8.270,-1.044,9.471,-0.144246,742,153.120,138.580
67.410,149.858,149.505,-42.396,8.286,0.158,9.471,-0.214192,743,153.120,137.580
67.511,150.496,148.830,-45.485,8.401,1.134,9.471,-0.272544,744,153.120,136.580
67.612,150.970,148.253,-48.441,8.177,-2.235,9.471,-0.356972,745,153.120,135.580
67.713,151.490,147.498,-52.973,8.334,1.553,9.471,-0.355479,746,153.120,134.580
67.814,151.879,146.777,-58.155,8.227,-1.062,9.471,-0.344637,747,153.120,133.580
67.916,152.199,146.014,-63.737,8.296,0.678,9.471,-0.129023,747,153.120,133.580
68.018,152.456,145.232,-68.952,8.283,-0.125,9.471,-0.104128,748,153.120,132.580
68.118,152.704,144.430,-72.147,8.516,2.319,9.471,-0.158994,749,153.120,131.580
68.220,152.939,143.540,-74.651,8.347,-1.665,9.471,-0.243864,750,153.120,130.580
68.321,153.086,142.806,-77.009,8.312,-0.350,9.821,-0.367270,751,153.120,128.580
68.422,153.188,141.904,-81.109,8.354,0.423,10.171,-0.120000,752,153.120,126.580
68.522,153.209,141.139,-85.273,8.679,3.231,10.521,-0.097210,752,153.120,125.580
68.623,153.224,140.164,-88.581,8.935,2.553,10.871,-0.039428,753,153.120,124.580
68.724,153.213,139.268,-90.540,9.094,1.578,11.221,0.000000,754,153.120,123.580
68.825,153.190,138.340,-91.584,9.418,3.187,11.571,0.032805,755,153.120,122.580
68.926,153.165,137.387,-91.914,9.733,3.114,11.921,0.043909,756,153.120,121.580
69.027,153.146,136.407,-91.646,9.882,1.483,12.271,0.039893,757,153.120,120.580
69.128,153.134,135.411,-90.973,10.231,3.439,12.621,0.000000,758,153.120,119.580
69.228,153.128,134.374,-90.436,10.504,2.733,12.971,0.000000,759,153.120,118.580
69.329,153.121,133.211,-90.130,10.780,2.732,13.321,0.000000,760,153.120,117.580
69.431,153.118,132.227,-90.019,11.032,2.484,13.671,0.000000,761,153.120,116.580
69.532,153.116,131.001,-89.961,11.308,2.737,14.021,0.000000,763,153.120,114.580
69.632,153.116,129.853,-89.949,11.516,2.059,14.371,0.000000,764,153.120,113.580
69.733,153.117,128.682,-89.943,11.903,3.847,14.721,0.000000,765,153.120,112.580
69.834,153.118,127.475,-89.935,12.180,2.750,15.071,0.000000,766,153.120,111.580
69.934,153.119,126.247,-89.923,12.478,2.976,15.421,0.000000,767,153.120,110.580
70.035,153.121,124.982,-89.923,12.749,2.677,15.771,0.000000,769,153.120,108.580
70.136,153.122,123.690,-89.924,13.086,3.333,16.121,0.000000,770,153.120,107.580
70.238,153.124,122.360,-89.923,13.385,2.937,16.471,0.000000,771,153.120,105.580
70.339,153.126,121.007,-89.924,13.717,3.295,16.821,0.000000,773,153.120,103.580
70.440,153.128,119.617,-89.925,13.970,2.509,17.171,0.000000,774,153.120,102.580
70.540,153.129,118.206,-89.925,14.292,3.218,17.521,0.000000,775,153.120,101.580
70.641,153.131,116.757,-89.929,14.583,2.870,17.871,0.000000,777,153.120,99.580
70.742,153.133,115.134,-89.931,14.956,3.688,18.221,0.000000,778,153.120,98.580
70.842,153.135,113.773,-89.931,15.212,2.553,18.449,0.000000,780,153.120,96.580
70.944,153.137,112.083,-89.933,15.489,2.731,18.442,0.000000,781,153.120,95.580
71.046,153.139,110.528,-89.935,15.564,0.743,18.435,0.000000,783,153.120,93.580
71.146,153.141,108.967,-89.937,15.701,1.361,18.428,0.000000,785,153.120,91.580
71.247,153.142,107.391,-89.939,15.767,0.651,18.421,0.000000,786,153.120,90.580
71.348,153.144,105.810,-89.940,15.872,1.038,18.415,0.000000,788,153.120,88.580
71.450,153.146,104.059,-89.941,15.937,0.638,18.408,0.000000,790,153.120,86.580
71.551,153.147,102.621,-89.941,16.018,0.810,18.402,0.000000,791,153.120,85.580
71.652,153.149,100.855,-89.942,16.078,0.589,18.395,0.000000,793,153.120,83.580
71.752,153.151,99.405,-89.941,16.150,0.728,18.390,0.000000,794,153.120,82.580
71.853,153.153,97.625,-89.942,16.195,0.438,18.383,0.000000,796,153.120,80.580
71.955,153.154,96.003,-89.942,16.252,0.566,18.377,0.000000,798,153.120,78.580
72.056,153.156,94.376,-89.942,16.292,0.388,18.370,0.000000,799,153.120,77.580
72.158,153.158,92.744,-89.942,16.338,0.453,18.364,0.000000,801,153.120,75.580
72.258,153.159,91.108,-89.942,16.372,0.340,18.358,0.000000,802,153.120,74.580
72.359,153.161,89.469,-89.942,16.410,0.373,18.351,0.000000,804,153.120,72.580
72.460,153.163,87.826,-89.942,16.439,0.291,18.345,0.000000,806,153.120,70.580
72.560,153.164,86.181,-89.942,16.470,0.307,18.338,0.000000,807,153.120,69.580
72.661,153.166,84.532,-89.942,16.494,0.245,18.332,0.000000,809,153.120,67.580
72.763,153.168,82.882,-89.942,16.520,0.247,18.325,0.000000,811,153.120,65.580
72.863,153.170,81.063,-89.943,16.542,0.227,18.318,0.000000,813,153.120,63.580
72.964,153.171,79.573,-89.943,16.563,0.200,18.313,0.000000,814,153.120,62.580
73.065,153.173,77.750,-89.943,16.581,0.177,18.305,0.000000,816,153.120,60.580
73.165,153.175,76.091,-89.943,16.596,0.155,18.299,0.000000,817,153.120,59.580
73.266,153.176,74.431,-89.943,16.611,0.150,18.293,0.000000,819,153.120,57.580
73.367,153.178,72.769,-89.943,16.624,0.129,18.286,0.000000,821,153.120,55.580
73.468,153.180,71.106,-89.943,16.637,0.122,18.280,0.000000,822,153.120,54.580
73.569,153.181,69.442,-89.943,16.647,0.106,18.273,0.000000,824,153.120,52.580
73.670,153.183,67.777,-89.943,16.657,0.098,18.266,0.000000,826,153.120,50.580
73.772,153.185,65.944,-89.942,16.667,0.094,18.259,0.000000,828,153.120,48.580
73.873,153.186,64.443,-89.943,16.673,0.065,18.253,0.000000,829,153.120,47.580
73.972,153.188,62.609,-89.942,16.682,0.088,18.246,0.000000,831,153.120,45.580
74.075,153.190,60.940,-89.943,16.687,0.047,18.240,0.000000,833,153.120,43.580
74.175,153.192,59.271,-89.942,16.694,0.066,18.233,0.000000,834,153.120,42.580
74.275,153.193,57.602,-89.943,16.698,0.041,18.227,0.000000,836,153.120,40.580
74.377,153.195,55.932,-89.943,16.703,0.050,18.220,0.000000,838,153.120,38.580
74.478,153.197,54.261,-89.943,16.706,0.032,18.213,0.000000,839,153.120,37.580
74.578,153.198,52.590,-89.942,16.716,0.102,18.207,0.000000,841,153.120,35.580
74.680,153.200,50.752,-89.943,16.707,-0.093,18.200,0.000000,843,153.120,33.580
74.780,153.202,49.247,-89.942,16.726,0.186,18.194,0.000000,844,153.120,32.580
74.882,153.202,49.246,-89.942,0.000,-165.167,18.194,0.000000,844,153.120,34.580
74.984,153.202,49.246,-89.942,0.000,-0.000,18.194,0.000000,844,153.120,34.580
75.084,153.202,49.246,-89.942,0.000,-0.000,18.194,0.000000,844,153.120,34.580
75.185,153.202,49.246,-89.942,0.000,-0.000,18.194,0.000000,844,153.120,34.580
75.287,153.202,49.246,-89.942,0.000,-0.000,18.194,0.000000,844,153.120,34.580
75.387,153.202,49.246,-89.942,0.000,-0.000,18.194,0.000000,844,153.120,34.580
75.487,153.202,49.246,-89.942,0.000,-0.000,18.194,0.000000,844,153.120,34.580
75.590,153.202,49.246,-89.942,0.000,-0.000,18.194,0.000000,844,153.120,34.580
75.690,153.202,49.246,-89.942,0.000,-0.000,18.194,0.000000,844,153.120,34.580
75.791,153.202,49.246,-89.942,0.000,-0.000,18.194,0.000000,844,153.120,34.580
75.892,153.202,49.246,-89.942,0.000,-0.000,18.194,0.000000,844,153.120,34.580
75.994,153.202,49.246,-89.942,0.000,-0.000,18.194,0.000000,844,153.120,34.580
76.094,153.202,49.246,-89.942,0.000,-0.000,18.194,0.000000,844,153.120,34.580
76.196,153.202,49.246,-89.942,0.000,-0.000,18.194,0.000000,844,153.120,34.580
76.296,153.202,49.246,-89.942,0.000,-0.000,18.194,0.000000,844,153.120,34.580
76.398,153.202,49.246,-89.942,0.000,-0.000,18.194,0.000000,844,153.120,34.580
76.498,153.202,49.246,-89.942,0.000,-0.000,18.194,0.000000,844,153.120,34.580
76.598,153.202,49.246,-89.942,0.000,-0.000,18.194,0.000000,844,153.120,34.580
76.700,153.202,49.246,-89.942,0.000,-0.000,18.194,0.000000,844,153.120,34.580
76.800,153.202,49.246,-89.942,0.000,-0.000,18.194,0.000000,844,153.120,34.580
76.901,153.202,49.246,-89.942,0.000,-0.000,18.194,0.000000,844,153.120,34.580
77.002,153.202,49.246,-89.942,0.000,-0.000,18.194,0.000000,844,153.120,34.580
77.103,153.202,49.246,-89.942,0.000,-0.000,18.194,0.000000,844,153.120,34.580
77.204,153.202,49.246,-89.942,0.000,-0.000,18.194,0.000000,844,153.120,34.580
77.305,153.202,49.246,-89.942,0.000,-0.000,18.194,0.000000,844,153.120,34.580
77.406,153.202,49.246,-89.942,0.000,-0.000,18.194,0.000000,844,153.120,34.580
77.507,153.202,49.246,-89.942,0.000,-0.000,18.194,0.000000,844,153.120,34.580
77.607,153.202,49.246,-89.942,0.000,-0.000,18.194,0.000000,844,153.120,34.580
77.708,153.202,49.246,-89.942,0.000,-0.000,18.194,0.000000,844,153.120,34.580
77.808,153.202,49.246,-89.942,0.000,-0.000,18.194,0.000000,844,153.120,34.580
77.909,153.202,49.246,-89.942,0.000,-0.000,18.194,0.000000,844,153.120,34.580
78.011,153.202,49.246,-89.942,0.000,-0.000,18.194,0.000000,844,153.120,34.580
78.112,153.202,49.246,-89.942,0.000,-0.000,18.194,0.000000,844,153.120,34.580
78.213,153.202,49.246,-89.942,0.000,-0.000,18.194,0.000000,844,153.120,34.580
78.313,153.202,49.246,-89.942,0.000,0.000,18.194,0.000000,844,153.120,34.580
78.416,153.202,49.246,-89.942,0.000,-0.000,18.194,0.000000,844,153.120,34.580
78.515,153.202,49.246,-89.942,0.000,-0.000,18.194,0.000000,844,153.120,34.580
78.617,153.202,49.246,-89.942,0.000,-0.000,18.194,0.000000,844,153.120,34.580
78.718,153.202,49.246,-89.942,0.000,-0.000,18.194,0.000000,844,153.120,34.580
78.819,153.202,49.246,-89.942,0.000,-0.000,18.194,0.000000,844,153.120,34.580
78.919,153.202,49.246,-89.942,0.000,-0.000,18.194,0.000000,844,153.120,34.580
79.020,153.202,49.246,-89.942,0.000,-0.000,18.194,0.000000,844,153.120,34.580
79.122,153.202,49.246,-89.942,0.000,-0.000,18.194,0.000000,844,153.120,34.580
79.223,153.202,49.246,-89.942,0.000,-0.000,18.194,0.000000,844,153.120,34.580
79.324,153.202,49.246,-89.942,0.000,-0.000,18.194,0.000000,844,153.120,34.580
79.424,153.202,49.246,-89.942,0.000,0.000,18.194,0.000000,844,153.120,34.580
79.525,153.202,49.246,-89.942,0.000,-0.000,18.194,0.000000,844,153.120,34.580
79.626,153.202,49.246,-89.942,0.000,-0.000,18.194,0.000000,844,153.120,34.580
79.727,153.202,49.246,-89.942,0.000,0.000,18.194,0.000000,844,153.120,34.580
79.828,153.202,49.246,-89.942,0.000,0.000,18.194,0.000000,844,153.120,34.580
79.929,153.202,49.246,-89.942,0.000,-0.000,18.194,0.000000,844,153.120,34.580
80.030,153.202,49.246,-89.942,0.000,-0.000,18.194,0.000000,844,153.120,34.580
80.130,153.202,49.246,-89.942,0.000,0.000,18.194,0.000000,844,153.120,34.580
80.231,153.202,49.246,-89.942,0.000,-0.000,18.194,0.000000,844,153.120,34.580
80.333,153.202,49.246,-89.942,0.000,0.000,18.194,0.000000,844,153.120,34.580
80.433,153.202,49.246,-89.942,0.000,-0.000,18.194,0.000000,844,153.120,34.580
80.534,153.202,49.246,-89.942,0.000,0.000,18.194,0.000000,844,153.120,34.580
80.634,153.202,49.246,-89.942,0.000,0.000,18.194,0.000000,844,153.120,34.580
80.736,153.202,49.246,-89.942,0.000,0.000,18.194,0.000000,844,153.120,34.580
80.836,153.202,49.246,-89.942,0.000,0.000,18.194,0.000000,844,153.120,34.580
80.937,153.202,49.246,-89.942,0.000,0.000,18.194,0.000000,844,153.120,34.580
81.040,153.202,49.246,-89.942,0.000,0.000,18.194,0.000000,844,153.120,34.580
81.140,153.202,49.246,-89.942,0.000,0.000,18.194,0.000000,844,153.120,34.580
81.243,153.202,49.246,-89.942,0.000,0.000,18.194,0.000000,844,153.120,34.580
81.341,153.202,49.246,-89.942,0.000,0.000,18.194,0.000000,844,153.120,34.580
81.443,153.202,49.246,-89.942,0.000,0.000,18.194,0.000000,844,153.120,34.580
81.543,153.202,49.246,-89.942,0.000,0.000,18.194,0.000000,844,153.120,34.580
81.643,153.202,49.246,-89.942,0.000,0.000,18.194,0.000000,844,153.120,34.580
81.745,153.202,49.246,-89.942,0.000,0.000,18.194,0.000000,844,153.120,34.580
81.844,153.202,49.246,-89.942,0.000,0.000,18.194,0.000000,844,153.120,34.580
81.945,153.202,49.246,-89.942,0.000,0.000,18.194,0.000000,844,153.120,34.580
82.047,153.202,49.246,-89.942,0.000,0.000,18.194,0.000000,844,153.120,34.580
82.149,153.202,49.246,-89.942,0.000,0.000,18.194,0.000000,844,153.120,34.580
82.249,153.202,49.246,-89.942,0.000,0.000,18.194,0.000000,844,153.120,34.580
82.351,153.202,49.246,-89.942,0.000,0.000,18.194,0.000000,844,153.120,34.580
82.452,153.202,49.246,-89.942,0.000,0.000,18.194,0.000000,844,153.120,34.580
82.553,153.202,49.246,-89.942,0.000,0.000,18.194,0.000000,844,153.120,34.580
82.653,153.202,49.246,-89.942,0.000,0.000,18.194,0.000000,844,153.120,34.580
82.754,153.202,49.246,-89.942,0.000,0.000,18.194,0.000000,844,153.120,34.580
82.856,153.202,49.246,-89.942,0.000,0.000,18.194,0.000000,844,153.120,34.580
82.957,153.202,49.246,-89.942,0.000,0.000,18.194,0.000000,844,153.120,34.580
83.060,153.202,49.246,-89.942,0.000,0.000,18.194,0.000000,844,153.120,34.580
83.160,153.202,49.246,-89.942,0.000,0.000,18.194,0.000000,844,153.120,34.580
83.261,153.202,49.246,-89.942,0.000,0.000,18.194,0.000000,844,153.120,34.580
83.362,153.202,49.246,-89.942,0.000,0.000,18.194,0.000000,844,153.120,34.580
83.462,153.202,49.246,-89.942,0.000,0.000,18.194,0.000000,844,153.120,34.580
83.562,153.202,49.246,-89.942,0.000,0.000,18.194,0.000000,844,153.120,34.580
83.663,153.202,49.246,-89.942,0.000,0.000,18.194,0.000000,844,153.120,34.580
83.764,153.202,49.246,-89.942,0.000,0.000,18.194,0.000000,844,153.120,34.580
83.865,153.202,49.246,-89.942,0.000,0.000,18.194,0.000000,844,153.120,34.580
83.967,153.202,49.246,-89.942,0.000,0.000,18.194,0.000000,844,153.120,34.580
84.068,153.202,49.246,-89.942,0.000,0.000,18.194,0.000000,844,153.120,34.580
84.169,153.202,49.246,-89.942,0.000,0.000,18.194,0.000000,844,153.120,34.580
84.269,153.202,49.246,-89.942,0.000,0.000,18.194,0.000000,844,153.120,34.580
84.370,153.202,49.246,-89.942,0.000,0.000,18.194,0.000000,844,153.120,34.580
84.471,153.202,49.246,-89.942,0.000,0.000,18.194,0.000000,844,153.120,34.580
84.572,153.202,49.246,-89.942,0.000,0.000,18.194,0.000000,844,153.120,34.580
84.673,153.202,49.246,-89.942,0.000,0.000,18.194,0.000000,844,153.120,34.580
84.774,153.202,49.246,-89.942,0.000,0.000,18.194,0.000000,844,153.120,34.580
84.874,153.202,49.246,-89.942,0.000,0.000,18.194,0.000000,844,153.120,34.580
84.975,153.202,49.246,-89.942,0.000,0.000,18.194,0.000000,844,153.120,34.580
85.075,153.202,49.246,-89.942,0.000,0.000,18.194,0.000000,844,153.120,34.580
85.177,153.202,49.246,-89.942,0.000,0.000,18.194,0.000000,844,153.120,34.580
85.279,153.202,49.246,-89.942,0.000,0.000,18.194,0.000000,844,153.120,34.580
85.377,153.202,49.246,-89.942,0.000,0.000,18.194,0.000000,844,153.120,34.580
85.478,153.202,49.246,-89.942,0.000,0.000,18.194,0.000000,844,153.120,34.580
85.579,153.202,49.246,-89.942,0.000,0.000,18.194,0.000000,844,153.120,34.580
85.680,153.202,49.246,-89.942,0.000,0.000,18.194,0.000000,844,153.120,34.580
85.781,153.202,49.246,-89.942,0.000,0.000,18.194,0.000000,844,153.120,34.580
85.881,153.202,49.246,-89.942,0.000,0.000,18.194,0.000000,844,153.120,34.580
85.982,153.202,49.246,-89.942,0.000,0.000,18.194,0.000000,844,153.120,34.580
86.083,153.202,49.246,-89.942,0.000,0.000,18.194,0.000000,844,153.120,34.580
86.183,153.202,49.246,-89.942,0.000,0.000,18.194,0.000000,844,153.120,34.580
86.284,153.202,49.246,-89.942,0.000,0.000,18.194,0.000000,844,153.120,34.580
86.398,153.202,49.246,-89.942,0.000,0.000,18.194,0.000000,844,153.120,34.580
86.499,153.202,49.246,-89.942,0.000,0.000,18.194,0.000000,844,153.120,34.580
86.600,153.202,49.246,-89.942,0.000,0.000,18.194,0.000000,844,153.120,34.580
86.701,153.202,49.246,-89.942,0.000,0.000,18.194,0.000000,844,153.120,34.580
86.803,153.202,49.246,-89.942,0.000,0.000,18.194,0.000000,844,153.120,34.580
86.902,153.202,49.246,-89.942,0.000,0.000,18.194,0.000000,844,153.120,34.580
87.002,153.202,49.246,-89.942,0.000,0.000,18.194,0.000000,844,153.120,34.580
87.103,153.202,49.246,-89.942,0.000,0.000,18.194,0.000000,844,153.120,34.580
87.204,153.202,49.246,-89.942,0.000,0.000,18.194,0.000000,844,153.120,34.580
87.305,153.202,49.246,-89.942,0.000,0.000,18.194,0.000000,844,153.120,34.580
87.406,153.202,49.246,-89.942,0.000,0.000,18.194,0.000000,844,153.120,34.580
87.507,153.202,49.246,-89.942,0.000,0.000,18.194,0.000000,844,153.120,34.580
87.608,153.202,49.246,-89.942,0.000,0.000,18.194,0.000000,844,153.120,34.580
87.711,153.202,49.246,-89.942,0.000,0.000,18.194,0.000000,844,153.120,34.580
87.815,153.202,49.246,-89.942,0.000,0.000,18.194,0.000000,844,153.120,34.580
87.918,153.202,49.246,-89.942,0.000,0.000,18.194,0.000000,844,153.120,34.580
88.018,153.202,49.246,-89.942,0.000,0.000,18.194,0.000000,844,153.120,34.580
88.118,153.202,49.246,-89.942,0.000,0.000,18.194,0.000000,844,153.120,34.580
88.219,153.202,49.246,-89.942,0.000,0.000,18.194,0.000000,844,153.120,34.580
88.323,153.202,49.246,-89.942,0.000,0.000,18.194,0.000000,844,153.120,34.580
88.430,153.202,49.246,-89.942,0.000,0.000,18.194,0.000000,844,153.120,34.580
88.531,153.202,49.246,-89.942,0.000,0.000,18.194,0.000000,844,153.120,34.580
88.632,153.202,49.246,-89.942,0.000,0.000,18.194,0.000000,844,153.120,34.580
88.732,153.202,49.246,-89.942,0.000,0.000,18.194,0.000000,844,153.120,34.580
88.840,153.202,49.246,-89.942,0.000,0.000,18.194,0.000000,844,153.120,34.580
88.941,153.202,49.246,-89.942,0.000,0.000,18.194,0.000000,844,153.120,34.580
89.046,153.202,49.246,-89.942,0.000,0.000,18.194,0.000000,844,153.120,34.580
89.149,153.202,49.246,-89.942,0.000,0.000,18.194,0.000000,844,153.120,34.580
89.249,153.202,49.246,-89.942,0.000,0.000,18.194,0.000000,844,153.120,34.580
89.349,153.202,49.246,-89.942,0.000,0.000,18.194,0.000000,844,153.120,34.580
89.451,153.202,49.246,-89.942,0.000,0.000,18.194,0.000000,844,153.120,34.580
89.552,153.202,49.246,-89.942,0.000,0.000,18.194,0.000000,844,153.120,34.580
89.653,153.202,49.246,-89.942,0.000,0.000,18.194,0.000000,844,153.120,34.580
89.752,153.202,49.246,-89.942,0.000,0.000,18.194,0.000000,844,153.120,34.580
89.854,153.202,49.246,-89.942,0.000,0.000,18.194,0.000000,844,153.120,34.580
89.956,153.202,49.246,-89.942,0.000,0.000,18.194,0.000000,844,153.120,34.580
90.055,153.202,49.246,-89.942,0.000,0.000,18.194,0.000000,844,153.120,34.580
90.155,153.202,49.246,-89.942,0.000,0.000,18.194,0.000000,844,153.120,34.580
90.257,153.202,49.246,-89.942,0.000,0.000,18.194,0.000000,844,153.120,34.580
90.358,153.202,49.246,-89.942,0.000,0.000,18.194,0.000000,844,153.120,34.580
90.459,153.202,49.246,-89.942,0.000,0.000,18.194,0.000000,844,153.120,34.580
90.559,153.202,49.246,-89.942,0.000,0.000,18.194,0.000000,844,153.120,34.580
90.659,153.202,49.246,-89.942,0.000,0.000,18.194,0.000000,844,153.120,34.580
90.761,153.202,49.246,-89.942,0.000,0.000,18.194,0.000000,844,153.120,34.580
90.861,153.202,49.246,-89.942,0.000,0.000,18.194,0.000000,844,153.120,34.580
90.962,153.202,49.246,-89.942,0.000,0.000,18.194,0.000000,844,153.120,34.580
91.063,153.202,49.246,-89.942,0.000,0.000,18.194,0.000000,844,153.120,34.580
91.163,153.202,49.246,-89.942,0.000,0.000,18.194,0.000000,844,153.120,34.580
91.264,153.202,49.246,-89.942,0.000,0.000,18.194,0.000000,844,153.120,34.580
91.364,153.202,49.246,-89.942,0.000,0.000,18.194,0.000000,844,153.120,34.580
91.465,153.202,49.246,-89.942,0.000,0.000,18.194,0.000000,844,153.120,34.580
91.565,153.202,49.246,-89.942,0.000,0.000,18.194,0.000000,844,153.120,34.580
91.667,153.202,49.246,-89.942,0.000,0.000,18.194,0.000000,844,153.120,34.580
91.768,153.202,49.246,-89.942,0.000,0.000,18.194,0.000000,844,153.120,34.580
91.868,153.202,49.246,-89.942,0.000,0.000,18.194,0.000000,844,153.120,34.580
91.968,153.202,49.246,-89.942,0.000,0.000,18.194,0.000000,844,153.120,34.580
92.070,153.202,49.246,-89.942,0.000,0.000,18.194,0.000000,844,153.120,34.580
92.171,153.202,49.246,-89.942,0.000,0.000,18.194,0.000000,844,153.120,34.580
92.271,153.202,49.246,-89.942,0.000,0.000,18.194,0.000000,844,153.120,34.580
92.372,153.202,49.246,-89.942,0.000,0.000,18.194,0.000000,844,153.120,34.580
92.474,153.202,49.246,-89.942,0.000,0.000,18.194,0.000000,844,153.120,34.580
92.575,153.202,49.246,-89.942,0.000,0.000,18.194,0.000000,844,153.120,34.580
92.677,153.202,49.246,-89.942,0.000,0.000,18.194,0.000000,844,153.120,34.580
92.777,153.202,49.246,-89.942,0.000,0.000,18.194,0.000000,844,153.120,34.580
92.877,153.202,49.246,-89.942,0.000,0.000,18.194,0.000000,844,153.120,34.580
92.980,153.202,49.246,-89.942,0.000,0.000,18.194,0.000000,844,153.120,34.580
93.079,153.202,49.246,-89.942,0.000,0.000,18.194,0.000000,844,153.120,34.580
93.181,153.202,49.246,-89.942,0.000,0.000,18.194,0.000000,844,153.120,34.580
93.281,153.202,49.246,-89.942,0.000,0.000,18.194,0.000000,844,153.120,34.580
93.381,153.202,49.246,-89.942,0.000,0.000,18.194,0.000000,844,153.120,34.580
93.482,153.202,49.246,-89.942,0.000,0.000,18.194,0.000000,844,153.120,34.580
93.583,153.202,49.246,-89.942,0.000,0.000,18.194,0.000000,844,153.120,34.580
93.683,153.202,49.246,-89.942,0.000,0.000,18.194,0.000000,844,153.120,34.580
93.784,153.202,49.246,-89.942,0.000,0.000,18.194,0.000000,844,153.120,34.580
93.886,153.202,49.246,-89.942,0.000,0.000,18.194,0.000000,844,153.120,34.580
93.986,153.202,49.246,-89.942,0.000,0.000,18.194,0.000000,844,153.120,34.580
94.087,153.202,49.246,-89.942,0.000,0.000,18.194,0.000000,844,153.120,34.580
94.188,153.202,49.246,-89.942,0.000,0.000,18.194,0.000000,844,153.120,34.580
94.288,153.202,49.246,-89.942,0.000,0.000,18.194,0.000000,844,153.120,34.580
94.389,153.202,49.246,-89.942,0.000,0.000,18.194,0.000000,844,153.120,34.580
94.489,153.202,49.246,-89.942,0.000,0.000,18.194,0.000000,844,153.120,34.580
94.590,153.202,49.246,-89.942,0.000,0.000,18.194,0.000000,844,153.120,34.580
94.692,153.202,49.246,-89.942,0.000,0.000,18.194,0.000000,844,153.120,34.580
94.792,153.202,49.246,-89.942,0.000,0.000,18.194,0.000000,844,153.120,34.580
94.893,153.202,49.246,-89.942,0.000,0.000,18.194,0.000000,844,153.120,34.580
94.993,153.202,49.246,-89.942,0.000,0.000,18.194,0.000000,844,153.120,34.580
95.095,153.202,49.246,-89.942,0.000,0.000,18.194,0.000000,844,153.120,34.580
95.196,153.202,49.246,-89.942,0.000,0.000,18.194,0.000000,844,153.120,34.580
95.296,153.202,49.246,-89.942,0.000,0.000,18.194,0.000000,844,153.120,34.580
95.396,153.202,49.246,-89.942,0.000,0.000,18.194,0.000000,844,153.120,34.580
95.497,153.202,49.246,-89.942,0.000,0.000,18.194,0.000000,844,153.120,34.580
95.598,153.202,49.246,-89.942,0.000,0.000,18.194,0.000000,844,153.120,34.580
95.700,153.202,49.246,-89.942,0.000,0.000,18.194,0.000000,844,153.120,34.580
95.801,153.202,49.246,-89.942,0.000,0.000,18.194,0.000000,844,153.120,34.580
95.900,153.202,49.246,-89.942,0.000,0.000,18.194,0.000000,844,153.120,34.580
96.003,153.202,49.246,-89.942,0.000,0.000,18.194,0.000000,844,153.120,34.580
96.102,153.202,49.246,-89.942,0.000,0.000,18.194,0.000000,844,153.120,34.580
96.203,153.202,49.246,-89.942,0.000,0.000,18.194,0.000000,844,153.120,34.580
96.304,153.202,49.246,-89.942,0.000,0.000,18.194,0.000000,844,153.120,34.580
96.405,153.202,49.246,-89.942,0.000,0.000,18.194,0.000000,844,153.120,34.580
96.505,153.202,49.246,-89.942,0.000,0.000,18.194,0.000000,844,153.120,34.580
96.606,153.202,49.246,-89.942,0.000,0.000,18.194,0.000000,844,153.120,34.580
96.705,153.202,49.246,-89.942,0.000,0.000,18.194,0.000000,844,153.120,34.580
96.805,153.202,49.246,-89.942,0.000,0.000,18.194,0.000000,844,153.120,34.580
96.907,153.202,49.246,-89.942,0.000,0.000,18.194,0.000000,844,153.120,34.580
97.007,153.202,49.246,-89.942,0.000,0.000,18.194,0.000000,844,153.120,34.580
97.107,153.202,49.246,-89.942,0.000,0.000,18.194,0.000000,844,153.120,34.580
97.208,153.202,49.246,-89.942,0.000,0.000,18.194,0.000000,844,153.120,34.580
97.310,153.202,49.246,-89.942,0.000,0.000,18.194,0.000000,844,153.120,34.580
97.411,153.202,49.246,-89.942,0.000,0.000,18.194,0.000000,844,153.120,34.580
97.511,153.202,49.246,-89.942,0.000,0.000,18.194,0.000000,844,153.120,34.580
97.613,153.202,49.246,-89.942,0.000,0.000,18.194,0.000000,844,153.120,34.580
97.712,153.202,49.246,-89.942,0.000,0.000,18.194,0.000000,844,153.120,34.580
97.813,153.202,49.246,-89.942,0.000,0.000,18.194,0.000000,844,153.120,34.580
97.915,153.202,49.246,-89.942,0.000,0.000,18.194,0.000000,844,153.120,34.580
98.016,153.202,49.246,-89.942,0.000,0.000,18.194,0.000000,844,153.120,34.580
98.117,153.202,49.246,-89.942,0.000,0.000,18.194,0.000000,844,153.120,34.580
98.216,153.202,49.246,-89.942,0.000,0.000,18.194,0.000000,844,153.120,34.580
98.317,153.202,49.246,-89.942,0.000,0.000,18.194,0.000000,844,153.120,34.580
98.418,153.202,49.246,-89.942,0.000,0.000,18.194,0.000000,844,153.120,34.580
98.518,153.202,49.246,-89.942,0.000,0.000,18.194,0.000000,844,153.120,34.580
98.619,153.202,49.246,-89.942,0.000,0.000,18.194,0.000000,844,153.120,34.580
98.722,153.202,49.246,-89.942,0.000,0.000,18.194,0.000000,844,153.120,34.580
98.822,153.202,49.246,-89.942,0.000,0.000,18.194,0.000000,844,153.120,34.580
98.923,153.202,49.246,-89.942,0.000,0.000,18.194,0.000000,844,153.120,34.580
99.025,153.202,49.246,-89.942,0.000,0.000,18.194,0.000000,844,153.120,34.580
99.126,153.202,49.246,-89.942,0.000,0.000,18.194,0.000000,844,153.120,34.580
99.226,153.202,49.246,-89.942,0.000,0.000,18.194,0.000000,844,153.120,34.580
99.328,153.202,49.246,-89.942,0.000,0.000,18.194,0.000000,844,153.120,34.580
99.428,153.202,49.246,-89.942,0.000,0.000,18.194,0.000000,844,153.120,34.580
99.530,153.202,49.246,-89.942,0.000,0.000,18.194,0.000000,844,153.120,34.580
99.631,153.202,49.246,-89.942,0.000,0.000,18.194,0.000000,844,153.120,34.580
99.731,153.202,49.246,-89.942,0.000,0.000,18.194,0.000000,844,153.120,34.580
99.832,153.202,49.246,-89.942,0.000,0.000,18.194,0.000000,844,153.120,34.580
99.932,153.202,49.246,-89.942,0.000,0.000,18.194,0.000000,844,153.120,34.580
100.034,153.202,49.246,-89.942,0.000,0.000,18.194,0.000000,844,153.120,34.580
100.134,153.202,49.246,-89.942,0.000,0.000,18.194,0.000000,844,153.120,34.580
100.234,153.202,49.246,-89.942,0.000,0.000,18.194,0.000000,844,153.120,34.580
100.335,153.202,49.246,-89.942,0.000,0.000,18.194,0.000000,844,153.120,34.580
100.437,153.202,49.246,-89.942,0.000,0.000,18.194,0.000000,844,153.120,34.580
100.536,153.202,49.246,-89.942,0.000,0.000,18.194,0.000000,844,153.120,34.580
100.638,153.202,49.246,-89.942,0.000,0.000,18.194,0.000000,844,153.120,34.580
100.738,153.202,49.246,-89.942,0.000,0.000,18.194,0.000000,844,153.120,34.580
100.838,153.202,49.246,-89.942,0.000,0.000,18.194,0.000000,844,153.120,34.580
100.941,153.202,49.246,-89.942,0.000,0.000,18.194,0.000000,844,153.120,34.580
101.040,153.202,49.246,-89.942,0.000,0.000,18.194,0.000000,844,153.120,34.580
101.142,153.202,49.246,-89.942,0.000,0.000,18.194,0.000000,844,153.120,34.580
101.244,153.202,49.246,-89.942,0.000,0.000,18.194,0.000000,844,153.120,34.580
101.345,153.202,49.246,-89.942,0.000,0.000,18.194,0.000000,844,153.120,34.580
101.445,153.202,49.246,-89.942,0.000,0.000,18.194,0.000000,844,153.120,34.580
101.547,153.202,49.246,-89.942,0.000,0.000,18.194,0.000000,844,153.120,34.580
101.647,153.202,49.246,-89.942,0.000,0.000,18.194,0.000000,844,153.120,34.580
101.748,153.202,49.246,-89.942,0.000,0.000,18.194,0.000000,844,153.120,34.580
101.848,153.202,49.246,-89.942,0.000,0.000,18.194,0.000000,844,153.120,34.580
101.949,153.202,49.246,-89.942,0.000,0.000,18.194,0.000000,844,153.120,34.580
102.050,153.202,49.246,-89.942,0.000,0.000,18.194,0.000000,844,153.120,34.580
102.151,153.202,49.246,-89.942,0.000,0.000,18.194,0.000000,844,153.120,34.580
102.251,153.202,49.246,-89.942,0.000,0.000,18.194,0.000000,844,153.120,34.580
102.352,153.202,49.246,-89.942,0.000,0.000,18.194,0.000000,844,153.120,34.580
102.454,153.202,49.246,-89.942,0.000,0.000,18.194,0.000000,844,153.120,34.580
102.553,153.202,49.246,-89.942,0.000,0.000,18.194,0.000000,844,153.120,34.580
102.653,153.202,49.246,-89.942,0.000,0.000,18.194,0.000000,844,153.120,34.580
102.754,153.202,49.246,-89.942,0.000,0.000,18.194,0.000000,844,153.120,34.580
102.855,153.202,49.246,-89.942,0.000,0.000,18.194,0.000000,844,153.120,34.580
102.956,153.202,49.246,-89.942,0.000,0.000,18.194,0.000000,844,153.120,34.580
103.057,153.202,49.246,-89.942,0.000,0.000,18.194,0.000000,844,153.120,34.580
103.157,153.202,49.246,-89.942,0.000,0.000,18.194,0.000000,844,153.120,34.580
103.257,153.202,49.246,-89.942,0.000,0.000,18.194,0.000000,844,153.120,34.580
103.359,153.202,49.246,-89.942,0.000,0.000,18.194,0.000000,844,153.120,34.580
103.461,153.202,49.246,-89.942,0.000,0.000,18.194,0.000000,844,153.120,34.580
103.561,153.202,49.246,-89.942,0.000,0.000,18.194,0.000000,844,153.120,34.580
103.662,153.202,49.246,-89.942,0.000,0.000,18.194,0.000000,844,153.120,34.580
103.762,153.202,49.246,-89.942,0.000,0.000,18.194,0.000000,844,153.120,34.580
103.863,153.202,49.246,-89.942,0.000,0.000,18.194,0.000000,844,153.120,34.580
103.964,153.202,49.246,-89.942,0.000,0.000,18.194,0.000000,844,153.120,34.580
104.066,153.202,49.246,-89.942,0.000,0.000,18.194,0.000000,844,153.120,34.580
104.166,153.202,49.246,-89.942,0.000,0.000,18.194,0.000000,844,153.120,34.580
104.266,153.202,49.246,-89.942,0.000,0.000,18.194,0.000000,844,153.120,34.580
104.369,153.202,49.246,-89.942,0.000,0.000,18.194,0.000000,844,153.120,34.580
104.468,153.202,49.246,-89.942,0.000,0.000,18.194,0.000000,844,153.120,34.580
104.570,153.202,49.246,-89.942,0.000,0.000,18.194,0.000000,844,153.120,34.580
104.671,153.202,49.246,-89.942,0.000,0.000,18.194,0.000000,844,153.120,34.580
104.772,153.202,49.246,-89.942,0.000,0.000,18.194,0.000000,844,153.120,34.580
104.874,153.202,49.246,-89.942,0.000,0.000,18.194,0.000000,844,153.120,34.580
104.974,153.202,49.246,-89.942,0.000,0.000,18.194,0.000000,844,153.120,34.580
105.075,153.202,49.246,-89.942,0.000,0.000,18.194,0.000000,844,153.120,34.580
105.175,153.202,49.246,-89.942,0.000,0.000,18.194,0.000000,844,153.120,34.580
105.276,153.202,49.246,-89.942,0.000,0.000,18.194,0.000000,844,153.120,34.580
105.378,153.202,49.246,-89.942,0.000,0.000,18.194,0.000000,844,153.120,34.580
105.479,153.202,49.246,-89.942,0.000,0.000,18.194,0.000000,844,153.120,34.580
105.581,153.202,49.246,-89.942,0.000,0.000,18.194,0.000000,844,153.120,34.580
105.681,153.202,49.246,-89.942,0.000,0.000,18.194,0.000000,844,153.120,34.580
105.782,153.202,49.246,-89.942,0.000,0.000,18.194,0.000000,844,153.120,34.580
105.885,153.202,49.246,-89.942,0.000,0.000,18.194,0.000000,844,153.120,34.580
105.984,153.202,49.246,-89.942,0.000,0.000,18.194,0.000000,844,153.120,34.580
106.087,153.202,49.246,-89.942,0.000,0.000,18.194,0.000000,844,153.120,34.580
106.187,153.202,49.246,-89.942,0.000,0.000,18.194,0.000000,844,153.120,34.580
106.289,153.202,49.246,-89.942,0.000,0.000,18.194,0.000000,844,153.120,34.580
106.390,153.202,49.246,-89.942,0.000,0.000,18.194,0.000000,844,153.120,34.580
106.491,153.202,49.246,-89.942,0.000,0.000,18.194,0.000000,844,153.120,34.580
106.591,153.202,49.246,-89.942,0.000,0.000,18.194,0.000000,844,153.120,34.580
106.692,153.202,49.246,-89.942,0.000,0.000,18.194,0.000000,844,153.120,34.580
106.792,153.202,49.246,-89.942,0.000,0.000,18.194,0.000000,844,153.120,34.580
106.894,153.202,49.246,-89.942,0.000,0.000,18.194,0.000000,844,153.120,34.580
106.995,153.202,49.246,-89.942,0.000,0.000,18.194,0.000000,844,153.120,34.580
107.096,153.202,49.246,-89.942,0.000,0.000,18.194,0.000000,844,153.120,34.580
107.196,153.202,49.246,-89.942,0.000,0.000,18.194,0.000000,844,153.120,34.580
107.297,153.202,49.246,-89.942,0.000,0.000,18.194,0.000000,844,153.120,34.580
107.399,153.202,49.246,-89.942,0.000,0.000,18.194,0.000000,844,153.120,34.580
107.499,153.202,49.246,-89.942,0.000,0.000,18.194,0.000000,844,153.120,34.580
107.599,153.202,49.246,-89.942,0.000,0.000,18.194,0.000000,844,153.120,34.580
107.702,153.202,49.246,-89.942,0.000,0.000,18.194,0.000000,844,153.120,34.580
107.802,153.202,49.246,-89.942,0.000,0.000,18.194,0.000000,844,153.120,34.580
107.903,153.202,49.246,-89.942,0.000,0.000,18.194,0.000000,844,153.120,34.580
108.002,153.202,49.246,-89.942,0.000,0.000,18.194,0.000000,844,153.120,34.580
108.103,153.202,49.246,-89.942,0.000,0.000,18.194,0.000000,844,153.120,34.580
108.204,153.202,49.246,-89.942,0.000,0.000,18.194,0.000000,844,153.120,34.580
108.304,153.202,49.246,-89.942,0.000,0.000,18.194,0.000000,844,153.120,34.580
108.405,153.202,49.246,-89.942,0.000,0.000,18.194,0.000000,844,153.120,34.580
108.505,153.202,49.246,-89.942,0.000,0.000,18.194,0.000000,844,153.120,34.580
108.607,153.202,49.246,-89.942,0.000,0.000,18.194,0.000000,844,153.120,34.580
108.707,153.202,49.246,-89.942,0.000,0.000,18.194,0.000000,844,153.120,34.580
108.808,153.202,49.246,-89.942,0.000,0.000,18.194,0.000000,844,153.120,34.580
108.909,153.202,49.246,-89.942,0.000,0.000,18.194,0.000000,844,153.120,34.580
109.011,153.202,49.246,-89.942,0.000,0.000,18.194,0.000000,844,153.120,34.580
109.111,153.202,49.246,-89.942,0.000,0.000,18.194,0.000000,844,153.120,34.580
109.212,153.202,49.246,-89.942,0.000,0.000,18.194,0.000000,844,153.120,34.580
109.312,153.202,49.246,-89.942,0.000,0.000,18.194,0.000000,844,153.120,34.580
109.413,153.202,49.246,-89.942,0.000,0.000,18.194,0.000000,844,153.120,34.580
109.513,153.202,49.246,-89.942,0.000,0.000,18.194,0.000000,844,153.120,34.580
109.616,153.202,49.246,-89.942,0.000,0.000,18.194,0.000000,844,153.120,34.580
109.715,153.202,49.246,-89.942,0.000,0.000,18.194,0.000000,844,153.120,34.580
109.817,153.202,49.246,-89.942,0.000,0.000,18.194,0.000000,844,153.120,34.580
109.916,153.202,49.246,-89.942,0.000,0.000,18.194,0.000000,844,153.120,34.580
110.017,153.202,49.246,-89.942,0.000,0.000,18.194,0.000000,844,153.120,34.580
110.118,153.202,49.246,-89.942,0.000,0.000,18.194,0.000000,844,153.120,34.580
110.220,153.202,49.246,-89.942,0.000,0.000,18.194,0.000000,844,153.120,34.580
110.320,153.202,49.246,-89.942,0.000,0.000,18.194,0.000000,844,153.120,34.580
110.421,153.202,49.246,-89.942,0.000,0.000,18.194,0.000000,844,153.120,34.580
110.522,153.202,49.246,-89.942,0.000,0.000,18.194,0.000000,844,153.120,34.580
110.622,153.202,49.246,-89.942,0.000,0.000,18.194,0.000000,844,153.120,34.580
110.723,153.202,49.246,-89.942,0.000,0.000,18.194,0.000000,844,153.120,34.580
110.824,153.202,49.246,-89.942,0.000,0.000,18.194,0.000000,844,153.120,34.580
110.924,153.202,49.246,-89.942,0.000,0.000,18.194,0.000000,844,153.120,34.580
111.024,153.202,49.246,-89.942,0.000,0.000,18.194,0.000000,844,153.120,34.580
111.125,153.202,49.246,-89.942,0.000,0.000,18.194,0.000000,844,153.120,34.580
111.227,153.202,49.246,-89.942,0.000,0.000,18.194,0.000000,844,153.120,34.580
111.327,153.202,49.246,-89.942,0.000,0.000,18.194,0.000000,844,153.120,34.580
111.428,153.202,49.246,-89.942,0.000,0.000,18.194,0.000000,844,153.120,34.580
111.529,153.202,49.246,-89.942,0.000,0.000,18.194,0.000000,844,153.120,34.580
111.628,153.202,49.246,-89.942,0.000,0.000,18.194,0.000000,844,153.120,34.580
111.729,153.202,49.246,-89.942,0.000,0.000,18.194,0.000000,844,153.120,34.580
111.830,153.202,49.246,-89.942,0.000,0.000,18.194,0.000000,844,153.120,34.580
111.932,153.202,49.246,-89.942,0.000,0.000,18.194,0.000000,844,153.120,34.580
112.033,153.202,49.246,-89.942,0.000,0.000,18.194,0.000000,844,153.120,34.580
112.133,153.202,49.246,-89.942,0.000,0.000,18.194,0.000000,844,153.120,34.580
112.233,153.202,49.246,-89.942,0.000,0.000,18.194,0.000000,844,153.120,34.580
112.334,153.202,49.246,-89.942,0.000,0.000,18.194,0.000000,844,153.120,34.580
112.435,153.202,49.246,-89.942,0.000,0.000,18.194,0.000000,844,153.120,34.580
112.536,153.202,49.246,-89.942,0.000,0.000,18.194,0.000000,844,153.120,34.580
112.637,153.202,49.246,-89.942,0.000,0.000,18.194,0.000000,844,153.120,34.580
112.738,153.202,49.246,-89.942,0.000,0.000,18.194,0.000000,844,153.120,34.580
112.840,153.202,49.246,-89.942,0.000,0.000,18.194,0.000000,844,153.120,34.580
112.940,153.202,49.246,-89.942,0.000,0.000,18.194,0.000000,844,153.120,34.580
113.041,153.202,49.246,-89.942,0.000,0.000,18.194,0.000000,844,153.120,34.580
113.142,153.202,49.246,-89.942,0.000,0.000,18.194,0.000000,844,153.120,34.580
113.243,153.202,49.246,-89.942,0.000,0.000,18.194,0.000000,844,153.120,34.580
113.344,153.202,49.246,-89.942,0.000,0.000,18.194,0.000000,844,153.120,34.580
113.445,153.202,49.246,-89.942,0.000,0.000,18.194,0.000000,844,153.120,34.580
113.547,153.202,49.246,-89.942,0.000,0.000,18.194,0.000000,844,153.120,34.580
113.647,153.202,49.246,-89.942,0.000,0.000,18.194,0.000000,844,153.120,34.580
113.748,153.202,49.246,-89.942,0.000,0.000,18.194,0.000000,844,153.120,34.580
113.849,153.202,49.246,-89.942,0.000,0.000,18.194,0.000000,844,153.120,34.580
113.950,153.202,49.246,-89.942,0.000,0.000,18.194,0.000000,844,153.120,34.580
114.050,153.202,49.246,-89.942,0.000,0.000,18.194,0.000000,844,153.120,34.580
114.152,153.202,49.246,-89.942,0.000,0.000,18.194,0.000000,844,153.120,34.580
114.254,153.202,49.246,-89.942,0.000,0.000,18.194,0.000000,844,153.120,34.580
114.354,153.202,49.246,-89.942,0.000,0.000,18.194,0.000000,844,153.120,34.580
114.453,153.202,49.246,-89.942,0.000,0.000,18.194,0.000000,844,153.120,34.580
114.554,153.202,49.246,-89.942,0.000,0.000,18.194,0.000000,844,153.120,34.580
114.655,153.202,49.246,-89.942,0.000,0.000,18.194,0.000000,844,153.120,34.580
114.757,153.202,49.246,-89.942,0.000,0.000,18.194,0.000000,844,153.120,34.580
114.858,153.202,49.246,-89.942,0.000,0.000,18.194,0.000000,844,153.120,34.580
114.957,153.202,49.246,-89.942,0.000,0.000,18.194,0.000000,844,153.120,34.580
115.059,153.202,49.246,-89.942,0.000,0.000,18.194,0.000000,844,153.120,34.580
115.159,153.202,49.246,-89.942,0.000,0.000,18.194,0.000000,844,153.120,34.580
115.260,153.202,49.246,-89.942,0.000,0.000,18.194,0.000000,844,153.120,34.580
115.361,153.202,49.246,-89.942,0.000,0.000,18.194,0.000000,844,153.120,34.580
115.462,153.202,49.246,-89.942,0.000,0.000,18.194,0.000000,844,153.120,34.580
115.563,153.202,49.246,-89.942,0.000,0.000,18.194,0.000000,844,153.120,34.580
115.664,153.202,49.246,-89.942,0.000,0.000,18.194,0.000000,844,153.120,34.580
115.764,153.202,49.246,-89.942,0.000,0.000,18.194,0.000000,844,153.120,34.580
115.865,153.202,49.246,-89.942,0.000,0.000,18.194,0.000000,844,153.120,34.580
115.967,153.202,49.246,-89.942,0.000,0.000,18.194,0.000000,844,153.120,34.580
116.067,153.202,49.246,-89.942,0.000,0.000,18.194,0.000000,844,153.120,34.580
116.168,153.202,49.246,-89.942,0.000,0.000,18.194,0.000000,844,153.120,34.580
116.269,153.202,49.246,-89.942,0.000,0.000,18.194,0.000000,844,153.120,34.580
116.369,153.202,49.246,-89.942,0.000,0.000,18.194,0.000000,844,153.120,34.580
116.471,153.202,49.246,-89.942,0.000,0.000,18.194,0.000000,844,153.120,34.580
116.572,153.202,49.246,-89.942,0.000,0.000,18.194,0.000000,844,153.120,34.580
116.673,153.202,49.246,-89.942,0.000,0.000,18.194,0.000000,844,153.120,34.580
116.773,153.202,49.246,-89.942,0.000,0.000,18.194,0.000000,844,153.120,34.580
116.874,153.202,49.246,-89.942,0.000,0.000,18.194,0.000000,844,153.120,34.580
116.975,153.202,49.246,-89.942,0.000,0.000,18.194,0.000000,844,153.120,34.580
117.076,153.202,49.246,-89.942,0.000,0.000,18.194,0.000000,844,153.120,34.580
117.177,153.202,49.246,-89.942,0.000,0.000,18.194,0.000000,844,153.120,34.580
117.277,153.202,49.246,-89.942,0.000,0.000,18.194,0.000000,844,153.120,34.580
117.379,153.202,49.246,-89.942,0.000,0.000,18.194,0.000000,844,153.120,34.580
117.480,153.202,49.246,-89.942,0.000,0.000,18.194,0.000000,844,153.120,34.580
117.580,153.202,49.246,-89.942,0.000,0.000,18.194,0.000000,844,153.120,34.580
117.682,153.202,49.246,-89.942,0.000,0.000,18.194,0.000000,844,153.120,34.580
117.782,153.202,49.246,-89.942,0.000,0.000,18.194,0.000000,844,153.120,34.580
117.885,153.202,49.246,-89.942,0.000,0.000,18.194,0.000000,844,153.120,34.580
117.985,153.202,49.246,-89.942,0.000,0.000,18.194,0.000000,844,153.120,34.580
118.085,153.202,49.246,-89.942,0.000,0.000,18.194,0.000000,844,153.120,34.580
118.185,153.202,49.246,-89.942,0.000,0.000,18.194,0.000000,844,153.120,34.580
118.287,153.202,49.246,-89.942,0.000,0.000,18.194,0.000000,844,153.120,34.580
118.388,153.202,49.246,-89.942,0.000,0.000,18.194,0.000000,844,153.120,34.580
118.489,153.202,49.246,-89.942,0.000,0.000,18.194,0.000000,844,153.120,34.580
118.589,153.202,49.246,-89.942,0.000,0.000,18.194,0.000000,844,153.120,34.580
118.691,153.202,49.246,-89.942,0.000,0.000,18.194,0.000000,844,153.120,34.580
118.791,153.202,49.246,-89.942,0.000,0.000,18.194,0.000000,844,153.120,34.580
118.892,153.202,49.246,-89.942,0.000,0.000,18.194,0.000000,844,153.120,34.580
118.994,153.202,49.246,-89.942,0.000,0.000,18.194,0.000000,844,153.120,34.580
119.095,153.202,49.246,-89.942,0.000,0.000,18.194,0.000000,844,153.120,34.580
119.196,153.202,49.246,-89.942,0.000,0.000,18.194,0.000000,844,153.120,34.580
119.298,153.202,49.246,-89.942,0.000,0.000,18.194,0.000000,844,153.120,34.580
119.399,153.202,49.246,-89.942,0.000,0.000,18.194,0.000000,844,153.120,34.580
119.500,153.202,49.246,-89.942,0.000,0.000,18.194,0.000000,844,153.120,34.580
119.599,153.202,49.246,-89.942,0.000,0.000,18.194,0.000000,844,153.120,34.580
119.700,153.202,49.246,-89.942,0.000,0.000,18.194,0.000000,844,153.120,34.580
119.800,153.202,49.246,-89.942,0.000,0.000,18.194,0.000000,844,153.120,34.580
119.902,153.202,49.246,-89.942,0.000,0.000,18.194,0.000000,844,153.120,34.580
120.002,153.202,49.246,-89.942,0.000,0.000,18.194,0.000000,844,153.120,34.580
120.104,153.202,49.246,-89.942,0.000,0.000,18.194,0.000000,844,153.120,34.580
120.204,153.202,49.246,-89.942,0.000,0.000,18.194,0.000000,844,153.120,34.580
120.306,153.202,49.246,-89.942,0.000,0.000,18.194,0.000000,844,153.120,34.580
120.405,153.202,49.246,-89.942,0.000,0.000,18.194,0.000000,844,153.120,34.580
120.506,153.202,49.246,-89.942,0.000,0.000,18.194,0.000000,844,153.120,34.580
120.607,153.202,49.246,-89.942,0.000,0.000,18.194,0.000000,844,153.120,34.580
120.708,153.202,49.246,-89.942,0.000,0.000,18.194,0.000000,844,153.120,34.580
120.809,153.202,49.246,-89.942,0.000,0.000,18.194,0.000000,844,153.120,34.580
120.910,153.202,49.246,-89.942,0.000,0.000,18.194,0.000000,844,153.120,34.580
121.010,153.202,49.246,-89.942,0.000,0.000,18.194,0.000000,844,153.120,34.580
121.111,153.202,49.246,-89.942,0.000,0.000,18.194,0.000000,844,153.120,34.580
121.211,153.202,49.246,-89.942,0.000,0.000,18.194,0.000000,844,153.120,34.580
121.313,153.202,49.246,-89.942,0.000,0.000,18.194,0.000000,844,153.120,34.580
121.413,153.202,49.246,-89.942,0.000,0.000,18.194,0.000000,844,153.120,34.580
121.515,153.202,49.246,-89.942,0.000,0.000,18.194,0.000000,844,153.120,34.580
121.615,153.202,49.246,-89.942,0.000,0.000,18.194,0.000000,844,153.120,34.580
121.717,153.202,49.246,-89.942,0.000,0.000,18.194,0.000000,844,153.120,34.580
121.817,153.202,49.246,-89.942,0.000,0.000,18.194,0.000000,844,153.120,34.580
121.917,153.202,49.246,-89.942,0.000,0.000,18.194,0.000000,844,153.120,34.580
122.019,153.202,49.246,-89.942,0.000,0.000,18.194,0.000000,844,153.120,34.580
122.119,153.202,49.246,-89.942,0.000,0.000,18.194,0.000000,844,153.120,34.580
122.220,153.202,49.246,-89.942,0.000,0.000,18.194,0.000000,844,153.120,34.580
122.320,153.202,49.246,-89.942,0.000,0.000,18.194,0.000000,844,153.120,34.580
122.421,153.202,49.246,-89.942,0.000,0.000,18.194,0.000000,844,153.120,34.580
122.523,153.202,49.246,-89.942,0.000,0.000,18.194,0.000000,844,153.120,34.580
122.624,153.202,49.246,-89.942,0.000,0.000,18.194,0.000000,844,153.120,34.580
122.724,153.202,49.246,-89.942,0.000,0.000,18.194,0.000000,844,153.120,34.580
122.826,153.202,49.246,-89.942,0.000,0.000,18.194,0.000000,844,153.120,34.580
122.927,153.202,49.246,-89.942,0.000,0.000,18.194,0.000000,844,153.120,34.580
123.027,153.202,49.246,-89.942,0.000,0.000,18.194,0.000000,844,153.120,34.580
123.128,153.202,49.246,-89.942,0.000,0.000,18.194,0.000000,844,153.120,34.580
123.229,153.202,49.246,-89.942,0.000,0.000,18.194,0.000000,844,153.120,34.580
123.330,153.202,49.246,-89.942,0.000,0.000,18.194,0.000000,844,153.120,34.580
123.430,153.202,49.246,-89.942,0.000,0.000,18.194,0.000000,844,153.120,34.580
123.532,153.202,49.246,-89.942,0.000,0.000,18.194,0.000000,844,153.120,34.580
123.632,153.202,49.246,-89.942,0.000,0.000,18.194,0.000000,844,153.120,34.580
123.732,153.202,49.246,-89.942,0.000,0.000,18.194,0.000000,844,153.120,34.580
123.832,153.202,49.246,-89.942,0.000,0.000,18.194,0.000000,844,153.120,34.580
123.933,153.202,49.246,-89.942,0.000,0.000,18.194,0.000000,844,153.120,34.580
124.035,153.202,49.246,-89.942,0.000,0.000,18.194,0.000000,844,153.120,34.580
124.135,153.202,49.246,-89.942,0.000,0.000,18.194,0.000000,844,153.120,34.580
124.235,153.202,49.246,-89.942,0.000,0.000,18.194,0.000000,844,153.120,34.580
124.336,153.202,49.246,-89.942,0.000,0.000,18.194,0.000000,844,153.120,34.580
124.436,153.202,49.246,-89.942,0.000,0.000,18.194,0.000000,844,153.120,34.580
124.537,153.202,49.246,-89.942,0.000,0.000,18.194,0.000000,844,153.120,34.580
124.638,153.202,49.246,-89.942,0.000,0.000,18.194,0.000000,844,153.120,34.580
124.740,153.202,49.246,-89.942,0.000,0.000,18.194,0.000000,844,153.120,34.580
124.841,153.202,49.246,-89.942,0.000,0.000,18.194,0.000000,844,153.120,34.580
124.940,153.202,49.246,-89.942,0.000,0.000,18.194,0.000000,844,153.120,34.580
125.042,153.202,49.246,-89.942,0.000,0.000,18.194,0.000000,844,153.120,34.580
125.143,153.202,49.246,-89.942,0.000,0.000,18.194,0.000000,844,153.120,34.580
125.243,153.202,49.246,-89.942,0.000,0.000,18.194,0.000000,844,153.120,34.580
125.345,153.202,49.246,-89.942,0.000,0.000,18.194,0.000000,844,153.120,34.580
125.446,153.202,49.246,-89.942,0.000,0.000,18.194,0.000000,844,153.120,34.580
125.547,153.202,49.246,-89.942,0.000,0.000,18.194,0.000000,844,153.120,34.580
125.648,153.202,49.246,-89.942,0.000,0.000,18.194,0.000000,844,153.120,34.580
125.747,153.202,49.246,-89.942,0.000,0.000,18.194,0.000000,844,153.120,34.580
125.850,153.202,49.246,-89.942,0.000,0.000,18.194,0.000000,844,153.120,34.580
125.950,153.202,49.246,-89.942,0.000,0.000,18.194,0.000000,844,153.120,34.580
126.051,153.202,49.246,-89.942,0.000,0.000,18.194,0.000000,844,153.120,34.580
126.152,153.202,49.246,-89.942,0.000,0.000,18.194,0.000000,844,153.120,34.580
126.254,153.202,49.246,-89.942,0.000,0.000,18.194,0.000000,844,153.120,34.580
126.354,153.202,49.246,-89.942,0.000,0.000,18.194,0.000000,844,153.120,34.580
126.456,153.202,49.246,-89.942,0.000,0.000,18.194,0.000000,844,153.120,34.580
126.558,153.202,49.246,-89.942,0.000,0.000,18.194,0.000000,844,153.120,34.580
126.658,153.202,49.246,-89.942,0.000,0.000,18.194,0.000000,844,153.120,34.580
126.758,153.202,49.246,-89.942,0.000,0.000,18.194,0.000000,844,153.120,34.580
126.859,153.202,49.246,-89.942,0.000,0.000,18.194,0.000000,844,153.120,34.580
126.961,153.202,49.246,-89.942,0.000,0.000,18.194,0.000000,844,153.120,34.580
127.061,153.202,49.246,-89.942,0.000,0.000,18.194,0.000000,844,153.120,34.580
127.162,153.202,49.246,-89.942,0.000,0.000,18.194,0.000000,844,153.120,34.580
127.262,153.202,49.246,-89.942,0.000,0.000,18.194,0.000000,844,153.120,34.580
127.363,153.202,49.246,-89.942,0.000,0.000,18.194,0.000000,844,153.120,34.580
127.463,153.202,49.246,-89.942,0.000,0.000,18.194,0.000000,844,153.120,34.580
127.564,153.202,49.246,-89.942,0.000,0.000,18.194,0.000000,844,153.120,34.580
127.665,153.202,49.246,-89.942,0.000,0.000,18.194,0.000000,844,153.120,34.580
127.765,153.202,49.246,-89.942,0.000,0.000,18.194,0.000000,844,153.120,34.580
127.866,153.202,49.246,-89.942,0.000,0.000,18.194,0.000000,844,153.120,34.580
127.968,153.202,49.246,-89.942,0.000,0.000,18.194,0.000000,844,153.120,34.580
128.068,153.202,49.246,-89.942,0.000,0.000,18.194,0.000000,844,153.120,34.580
128.169,153.202,49.246,-89.942,0.000,0.000,18.194,0.000000,844,153.120,34.580
128.269,153.202,49.246,-89.942,0.000,0.000,18.194,0.000000,844,153.120,34.580
128.370,153.202,49.246,-89.942,0.000,0.000,18.194,0.000000,844,153.120,34.580
128.470,153.202,49.246,-89.942,0.000,0.000,18.194,0.000000,844,153.120,34.580
128.572,153.202,49.246,-89.942,0.000,0.000,18.194,0.000000,844,153.120,34.580
128.671,153.202,49.246,-89.942,0.000,0.000,18.194,0.000000,844,153.120,34.580
128.772,153.202,49.246,-89.942,0.000,0.000,18.194,0.000000,844,153.120,34.580
128.873,153.202,49.246,-89.942,0.000,0.000,18.194,0.000000,844,153.120,34.580
128.974,153.202,49.246,-89.942,0.000,0.000,18.194,0.000000,844,153.120,34.580
129.075,153.202,49.246,-89.942,0.000,0.000,18.194,0.000000,844,153.120,34.580
129.177,153.202,49.246,-89.942,0.000,0.000,18.194,0.000000,844,153.120,34.580
129.279,153.202,49.246,-89.942,0.000,0.000,18.194,0.000000,844,153.120,34.580
129.379,153.202,49.246,-89.942,0.000,0.000,18.194,0.000000,844,153.120,34.580
129.479,153.202,49.246,-89.942,0.000,0.000,18.194,0.000000,844,153.120,34.580
129.581,153.202,49.246,-89.942,0.000,0.000,18.194,0.000000,844,153.120,34.580
129.681,153.202,49.246,-89.942,0.000,0.000,18.194,0.000000,844,153.120,34.580
129.783,153.202,49.246,-89.942,0.000,0.000,18.194,0.000000,844,153.120,34.580
129.883,153.202,49.246,-89.942,0.000,0.000,18.194,0.000000,844,153.120,34.580
129.984,153.202,49.246,-89.942,0.000,0.000,18.194,0.000000,844,153.120,34.580
130.085,153.202,49.246,-89.942,0.000,0.000,18.194,0.000000,844,153.120,34.580
130.186,153.202,49.246,-89.942,0.000,0.000,18.194,0.000000,844,153.120,34.580
130.287,153.202,49.246,-89.942,0.000,0.000,18.194,0.000000,844,153.120,34.580
130.387,153.202,49.246,-89.942,0.000,0.000,18.194,0.000000,844,153.120,34.580
130.487,153.202,49.246,-89.942,0.000,0.000,18.194,0.000000,844,153.120,34.580
130.588,153.202,49.246,-89.942,0.000,0.000,18.194,0.000000,844,153.120,34.580
130.689,153.202,49.246,-89.942,0.000,0.000,18.194,0.000000,844,153.120,34.580
